"module","file","line","legacyHash","templateExpression","controller","documentedReactRoute","matchedComponent","routeStatus","parity"
"account","angular/account/accountRouting.js","16","#/updateprofile","'updateprofile',","CommonController","/department/account/profile","","Documented route missing from React","Not established; route match alone is insufficient"
"account","angular/account/accountRouting.js","19","#/changepassword","'changepassword',","CommonController","/department/account/change-password","","Documented route missing from React","Not established; route match alone is insufficient"
"account","angular/account/accountRouting.js","22","#/firstPasswordChange","'firstPasswordChange',","CommonController","/department/account/first-password-change","","Documented route missing from React","Not established; route match alone is insufficient"
"account","angular/account/accountRouting.js","25","#/success","'success'","","/department/account/success","","Documented route missing from React","Not established; route match alone is insufficient"
"account","angular/account/accountRouting.js","29","#/dashboard","'dashboard',","AccountController","/department/account/dashboard","DepartmentDashboard","Static dashboard; reused for other routes","Not established; route match alone is insufficient"
"account","angular/account/accountRouting.js","32","#/subsidyclaimlist","'subsidyclaimlist',","AccountController","/department/account/subsidyclaimlist","","Documented route missing from React","Not established; route match alone is insufficient"
"account","angular/account/accountRouting.js","35","#/viewprintsubsidyclaim/:id","function(params) {","AccountController","/department/account/viewprintsubsidyclaim/:id","","Documented route missing from React","Not established; route match alone is insufficient"
"account","angular/account/accountRouting.js","40","#/uploadpaymentorder/:id","function(params) {","AccountController","/department/account/uploadpaymentorder/:id","","Documented route missing from React","Not established; route match alone is insufficient"
"account","angular/account/accountRouting.js","47","#/letterList","'letterList',","CommonController","/department/account/letterList","","Documented route missing from React","Not established; route match alone is insufficient"
"account","angular/account/accountRouting.js","50","#/viewLetter/:letterId","function(params) {","CommonController","/department/account/viewLetter/:letterId","","Documented route missing from React","Not established; route match alone is insufficient"
"account","angular/account/accountRouting.js","55","#/updateProcess/:letterId","function(params) {","CommonController","/department/account/updateProcess/:letterId","","Documented route missing from React","Not established; route match alone is insufficient"
"account","angular/account/accountRouting.js","60","#/loadHistory/:letterId","function(params) {","CommonController","/department/account/loadHistory/:letterId","","Documented route missing from React","Not established; route match alone is insufficient"
"admuser","angular/admuser/AdminRouting.js","17","#/changepassword","'changepassword',","CommonController","/admin/change-password","","Documented route missing from React","Not established; route match alone is insufficient"
"admuser","angular/admuser/AdminRouting.js","20","#/firstPasswordChange","'firstPasswordChange',","CommonController","/admin/first-password-change","","Documented route missing from React","Not established; route match alone is insufficient"
"admuser","angular/admuser/AdminRouting.js","23","#/success","'success'","","/admin/success","","Documented route missing from React","Not established; route match alone is insufficient"
"admuser","angular/admuser/AdminRouting.js","27","#/dashboard","'dashboard',","AdminController","/admin/dashboard","AdminDashboard","Static dashboard; reused for other routes","Not established; route match alone is insufficient"
"admuser","angular/admuser/AdminRouting.js","30","#/dashboardFacilityWise","'dashboardFacilityWise',","AdminController","/admin/dashboardFacilityWise","","Documented route missing from React","Not established; route match alone is insufficient"
"admuser","angular/admuser/AdminRouting.js","33","#/dashboardDistrictWise","'dashboardDistrictWise',","AdminController","/admin/dashboardDistrictWise","","Documented route missing from React","Not established; route match alone is insufficient"
"admuser","angular/admuser/AdminRouting.js","36","#/dashboardDistrictOxgSource","'dashboardDistrictOxgSource',","AdminController","/admin/dashboardDistrictOxgSource","","Documented route missing from React","Not established; route match alone is insufficient"
"admuser","angular/admuser/AdminRouting.js","39","#/dashboardDistrictFacilityType","'dashboardDistrictFacilityType',","AdminController","/admin/dashboardDistrictFacilityType","","Documented route missing from React","Not established; route match alone is insufficient"
"admuser","angular/admuser/AdminRouting.js","42","#/addOfficer","'addOfficer',","AdminController","/admin/addOfficer","","Documented route missing from React","Not established; route match alone is insufficient"
"admuser","angular/admuser/AdminRouting.js","45","#/hoList","'hoList',","AdminController","/admin/hoList","","Documented route missing from React","Not established; route match alone is insufficient"
"admuser","angular/admuser/AdminRouting.js","48","#/officerList","'officerList',","AdminController","/admin/officerList","","Documented route missing from React","Not established; route match alone is insufficient"
"admuser","angular/admuser/AdminRouting.js","51","#/zonalList","'zonalList',","AdminController","/admin/zonalList","","Documented route missing from React","Not established; route match alone is insufficient"
"admuser","angular/admuser/AdminRouting.js","54","#/dticList","'dticList',","AdminController","/admin/dticList","","Documented route missing from React","Not established; route match alone is insufficient"
"admuser","angular/admuser/AdminRouting.js","57","#/applicantList","'applicantList',","AdminController","/admin/applicantList","","Documented route missing from React","Not established; route match alone is insufficient"
"admuser","angular/admuser/AdminRouting.js","60","#/viewHo/:userId","function(params) {","AdminController","/admin/viewHo/:userId","","Documented route missing from React","Not established; route match alone is insufficient"
"admuser","angular/admuser/AdminRouting.js","65","#/viewOfficer/:userId","function(params) {","AdminController","/admin/viewOfficer/:userId","","Documented route missing from React","Not established; route match alone is insufficient"
"admuser","angular/admuser/AdminRouting.js","70","#/viewZonal/:userId","function(params) {","AdminController","/admin/viewZonal/:userId","","Documented route missing from React","Not established; route match alone is insufficient"
"admuser","angular/admuser/AdminRouting.js","75","#/viewDtic/:userId","function(params) {","AdminController","/admin/viewDtic/:userId","","Documented route missing from React","Not established; route match alone is insufficient"
"admuser","angular/admuser/AdminRouting.js","80","#/viewApplicant/:userId","function(params) {","AdminController","/admin/viewApplicant/:userId","","Documented route missing from React","Not established; route match alone is insufficient"
"admuser","angular/admuser/AdminRouting.js","85","#/resetPassword/:userType/:userId","function(params) {","AdminController","/admin/resetPassword/:userType/:userId","","Documented route missing from React","Not established; route match alone is insufficient"
"admuser","angular/admuser/AdminRouting.js","90","#/officeList","'officeList',","AdminController","/admin/officeList","","Documented route missing from React","Not established; route match alone is insufficient"
"admuser","angular/admuser/AdminRouting.js","93","#/viewOffice/:officeId","function(params) {","AdminController","/admin/viewOffice/:officeId","","Documented route missing from React","Not established; route match alone is insufficient"
"admuser","angular/admuser/AdminRouting.js","98","#/addOffice","'addOffice',","AdminController","/admin/addOffice","","Documented route missing from React","Not established; route match alone is insufficient"
"admuser","angular/admuser/AdminRouting.js","101","#/externalOfficerList","'externalOfficerList',","AdminController","/admin/externalOfficerList","","Documented route missing from React","Not established; route match alone is insufficient"
"admuser","angular/admuser/AdminRouting.js","104","#/supplyNameList","'supplyNameList',","AdminController","/admin/supplyNameList","","Documented route missing from React","Not established; route match alone is insufficient"
"admuser","angular/admuser/AdminRouting.js","107","#/viewSupplyNameAdmin/:id","function(params){ return 'viewSupplyNameAdmin/' + params.id; },","AdminController","/admin/viewSupplyNameAdmin/:id","","Documented route missing from React","Not established; route match alone is insufficient"
"admuser","angular/admuser/AdminRouting.js","110","#/editSupplyNameAdmin/:id","function(params){ return 'editSupplyNameAdmin/' + params.id; },","AdminController","/admin/editSupplyNameAdmin/:id","","Documented route missing from React","Not established; route match alone is insufficient"
"admuser","angular/admuser/AdminRouting.js","113","#/viewSupplierNameAdmin/:id","function(params){ return 'viewSupplierNameAdmin/' + params.id; },","AdminController","/admin/viewSupplierNameAdmin/:id","","Documented route missing from React","Not established; route match alone is insufficient"
"admuser","angular/admuser/AdminRouting.js","116","#/supplierNameListAdmin","'supplierNameListAdmin',","AdminController","/admin/supplierNameListAdmin","","Documented route missing from React","Not established; route match alone is insufficient"
"admuser","angular/admuser/AdminRouting.js","119","#/ox1FormAdmin","'ox1FormAdmin',","AdminController","/admin/ox1FormAdmin","","Documented route missing from React","Not established; route match alone is insufficient"
"admuser","angular/admuser/AdminRouting.js","122","#/ox2FormAdmin","'ox2FormAdmin',","AdminController","/admin/ox2FormAdmin","","Documented route missing from React","Not established; route match alone is insufficient"
"admuser","angular/admuser/AdminRouting.js","125","#/ox3FormAdmin","'ox3FormAdmin',","AdminController","/admin/ox3FormAdmin","","Documented route missing from React","Not established; route match alone is insufficient"
"admuser","angular/admuser/AdminRouting.js","128","#/ox4FormAdmin","'ox4FormAdmin',","AdminController","/admin/ox4FormAdmin","","Documented route missing from React","Not established; route match alone is insufficient"
"admuser","angular/admuser/AdminRouting.js","131","#/editOx1FormAdmin","'editOx1FormAdmin',","AdminController","/admin/editOx1FormAdmin","","Documented route missing from React","Not established; route match alone is insufficient"
"admuser","angular/admuser/AdminRouting.js","134","#/editOx2FormAdmin","'editOx2FormAdmin',","AdminController","/admin/editOx2FormAdmin","","Documented route missing from React","Not established; route match alone is insufficient"
"admuser","angular/admuser/AdminRouting.js","137","#/editOx3FormAdmin","'editOx3FormAdmin',","AdminController","/admin/editOx3FormAdmin","","Documented route missing from React","Not established; route match alone is insufficient"
"admuser","angular/admuser/AdminRouting.js","140","#/editOx4FormAdmin","'editOx4FormAdmin',","AdminController","/admin/editOx4FormAdmin","","Documented route missing from React","Not established; route match alone is insufficient"
"admuser","angular/admuser/AdminRouting.js","144","#/editSupplierNameAdmin/:id","function(params){ return 'editSupplierNameAdmin/' + params.id; },","AdminController","/admin/editSupplierNameAdmin/:id","","Documented route missing from React","Not established; route match alone is insufficient"
"admuser","angular/admuser/AdminRouting.js","149","#/report1","'report1',","AdminController","/admin/report1","","Documented route missing from React","Not established; route match alone is insufficient"
"admuser","angular/admuser/AdminRouting.js","153","#/report2","'report2',","AdminController","/admin/report2","","Documented route missing from React","Not established; route match alone is insufficient"
"admuser","angular/admuser/AdminRouting.js","157","#/tankerList","'tankerList',","AdminController","/admin/tankerList","","Documented route missing from React","Not established; route match alone is insufficient"
"admuser","angular/admuser/AdminRouting.js","161","#/addTankerForm","'addTankerForm',","AdminController","/admin/addTankerForm","","Documented route missing from React","Not established; route match alone is insufficient"
"admuser","angular/admuser/AdminRouting.js","165","#/editTankerForm/:id","function(params){ return 'editTankerForm/' + params.id; },","AdminController","/admin/editTankerForm/:id","","Documented route missing from React","Not established; route match alone is insufficient"
"admuser","angular/admuser/AdminRouting.js","169","#/tankerDetailsEntryFormAdmin","'tankerDetailsEntryFormAdmin',","AdminController","/admin/tankerDetailsEntryFormAdmin","","Documented route missing from React","Not established; route match alone is insufficient"
"admuser","angular/admuser/AdminRouting.js","173","#/supplySourceList","'supplySourceList',","AdminController","/admin/supplySourceList","","Documented route missing from React","Not established; route match alone is insufficient"
"admuser","angular/admuser/AdminRouting.js","178","#/tankerSupplierList","'tankerSupplierList',","AdminController","/admin/tankerSupplierList","","Documented route missing from React","Not established; route match alone is insufficient"
"admuser","angular/admuser/AdminRouting.js","182","#/addSupplySourceForm","'addSupplySourceForm',","AdminController","/admin/addSupplySourceForm","","Documented route missing from React","Not established; route match alone is insufficient"
"admuser","angular/admuser/AdminRouting.js","186","#/editSupplySourceForm/:id","function(params){ return 'editSupplySourceForm/' + params.id; },","AdminController","/admin/editSupplySourceForm/:id","","Documented route missing from React","Not established; route match alone is insufficient"
"admuser","angular/admuser/AdminRouting.js","190","#/addTankerSupplierForm","'addTankerSupplierForm',","AdminController","/admin/addTankerSupplierForm","","Documented route missing from React","Not established; route match alone is insufficient"
"applicant","angular/applicant/routing.js","16","#/updateprofileapplicant","'updateprofileapplicant',","CommonController","/applicant/profile","ApplicantDashboard","Dashboard placeholder","Not established; route match alone is insufficient"
"applicant","angular/applicant/routing.js","20","#/updateindustryprofileapplicant","'updateindustryprofileapplicant',","CommonController","/applicant/updateindustryprofileapplicant","","Documented route missing from React","Not established; route match alone is insufficient"
"applicant","angular/applicant/routing.js","24","#/changepassword","'changepassword',","CommonController","/applicant/change-password","ApplicantDashboard","Dashboard placeholder","Not established; route match alone is insufficient"
"applicant","angular/applicant/routing.js","28","#/firstPasswordChange","'firstPasswordChange',","CommonController","/applicant/first-password-change","ApplicantDashboard","Dashboard placeholder","Not established; route match alone is insufficient"
"applicant","angular/applicant/routing.js","32","#/success","'success'","","/applicant/success","","Documented route missing from React","Not established; route match alone is insufficient"
"applicant","angular/applicant/routing.js","35","#/bank/addBankDetails","'addBankDetails',","CommonController","/applicant/bank/addBankDetails","","Documented route missing from React","Not established; route match alone is insufficient"
"applicant","angular/applicant/routing.js","39","#/bank/banksList","'banksList',","CommonController","/applicant/bank/banksList","","Documented route missing from React","Not established; route match alone is insufficient"
"applicant","angular/applicant/routing.js","45","#/dashboard","'dashboard',","MPSelfEmploymentController","/applicant/dashboard","ApplicantDashboard","Page component exists; functionality/content parity unverified","Not established; route match alone is insufficient"
"applicant","angular/applicant/routing.js","49","#/mpidcServices","'mpidcServices',","CommonController","/applicant/mpidcServices","","Documented route missing from React","Not established; route match alone is insufficient"
"applicant","angular/applicant/routing.js","53","#/yuvaudyami","'yuvaudyami',","YuvaUdyamiController","/applicant/yuvaudyami","","Documented route missing from React","Not established; route match alone is insufficient"
"applicant","angular/applicant/routing.js","57","#/newYuvaUdyamiForm","'newYuvaUdyamiForm',","YuvaUdyamiController","/applicant/newYuvaUdyamiForm","","Documented route missing from React","Not established; route match alone is insufficient"
"applicant","angular/applicant/routing.js","61","#/viewYuvaUdyamiDetail/:applicantId","'viewYuvaUdyamiDetail',","YuvaUdyamiController","/applicant/viewYuvaUdyamiDetail/:applicantId","","Documented route missing from React","Not established; route match alone is insufficient"
"applicant","angular/applicant/routing.js","65","#/viewYuvaDocumentDetail/:applicantId","function(params){ return 'viewYuvaDocumentDetail/' + params.applicantId; },","YuvaUdyamiController","/applicant/viewYuvaDocumentDetail/:applicantId","","Documented route missing from React","Not established; route match alone is insufficient"
"applicant","angular/applicant/routing.js","69","#/mpselfemployment","'mpselfemployment',","MPSelfEmploymentController","/applicant/mpselfemployment","","Documented route missing from React","Not established; route match alone is insufficient"
"applicant","angular/applicant/routing.js","73","#/newapplicantform","'newapplicantform',","MPSelfEmploymentController","/applicant/newapplicantform","","Documented route missing from React","Not established; route match alone is insufficient"
"applicant","angular/applicant/routing.js","77","#/viewapplicantdetail/:applicantId","'viewapplicantdetail',","MPSelfEmploymentController","/applicant/viewapplicantdetail/:applicantId","","Documented route missing from React","Not established; route match alone is insufficient"
"applicant","angular/applicant/routing.js","81","#/viewapplicantdetailedit/:applicantId","'viewapplicantdetailedit',","MPSelfEmploymentController","/applicant/viewapplicantdetailedit/:applicantId","","Documented route missing from React","Not established; route match alone is insufficient"
"applicant","angular/applicant/routing.js","85","#/viewyuapplicantdetailedit/:applicantId","'viewyuapplicantdetailedit',","YuvaUdyamiController","/applicant/viewyuapplicantdetailedit/:applicantId","","Documented route missing from React","Not established; route match alone is insufficient"
"applicant","angular/applicant/routing.js","89","#/vieweditdocumentdetail/:applicantId","function(params){ return 'vieweditdocumentdetail/' + params.applicantId; },","MPSelfEmploymentController","/applicant/vieweditdocumentdetail/:applicantId","","Documented route missing from React","Not established; route match alone is insufficient"
"applicant","angular/applicant/routing.js","93","#/viewEditYuvaDocumentDetail/:applicantId","function(params){ return 'viewEditYuvaDocumentDetail/' + params.applicantId; },","YuvaUdyamiController","/applicant/viewEditYuvaDocumentDetail/:applicantId","","Documented route missing from React","Not established; route match alone is insufficient"
"applicant","angular/applicant/routing.js","97","#/viewdocumentdetail/:applicantId","function(params){ return 'viewdocumentdetail/' + params.applicantId; },","MPSelfEmploymentController","/applicant/viewdocumentdetail/:applicantId","","Documented route missing from React","Not established; route match alone is insufficient"
"applicant","angular/applicant/routing.js","101","#/viewschemedetailform/:applicantId","function(params){ return 'viewschemedetailform/' + params.applicantId; },","MPIndustrySchemeController","/applicant/viewschemedetailform/:applicantId","","Documented route missing from React","Not established; route match alone is insufficient"
"applicant","angular/applicant/routing.js","105","#/vieweditschemedetailform/:applicantId","function(params){ return 'vieweditschemedetailform/' + params.applicantId; },","MPIndustrySchemeController","/applicant/vieweditschemedetailform/:applicantId","","Documented route missing from React","Not established; route match alone is insufficient"
"applicant","angular/applicant/routing.js","109","#/viewprojectreportform/:applicantId","function(params){ return 'viewprojectreportform/' + params.applicantId; },","MPIndustrySchemeController","/applicant/viewprojectreportform/:applicantId","","Documented route missing from React","Not established; route match alone is insufficient"
"applicant","angular/applicant/routing.js","113","#/viewedityuvaprojectreportform/:applicantId","function(params){ return 'viewedityuvaprojectreportform/' + params.applicantId; },","YuvaUdyamiController","/applicant/viewedityuvaprojectreportform/:applicantId","","Documented route missing from React","Not established; route match alone is insufficient"
"applicant","angular/applicant/routing.js","117","#/viewyuvaprojectreportform/:applicantId","function(params){ return 'viewyuvaprojectreportform/' + params.applicantId; },","YuvaUdyamiController","/applicant/viewyuvaprojectreportform/:applicantId","","Documented route missing from React","Not established; route match alone is insufficient"
"applicant","angular/applicant/routing.js","121","#/vieweditprojectreportform/:applicantId","function(params){ return 'vieweditprojectreportform/' + params.applicantId; },","MPIndustrySchemeController","/applicant/vieweditprojectreportform/:applicantId","","Documented route missing from React","Not established; route match alone is insufficient"
"applicant","angular/applicant/routing.js","125","#/viewmsmeform","'viewmsmeform',","MSMEApplicantController","/applicant/viewmsmeform","","Documented route missing from React","Not established; route match alone is insufficient"
"applicant","angular/applicant/routing.js","129","#/viewlargescaleform","'viewlargescaleform',","MSMEApplicantController","/applicant/viewlargescaleform","","Documented route missing from React","Not established; route match alone is insufficient"
"applicant","angular/applicant/routing.js","133","#/fa/newapplicantform","'fa/newapplicantform',","FAApplicantController","/applicant/fa/newapplicantform","","Documented route missing from React","Not established; route match alone is insufficient"
"applicant","angular/applicant/routing.js","137","#/fa/infradevelopmetform","'fa/infradevelopmetform',","FAApplicantController","/applicant/fa/infradevelopmetform","","Documented route missing from React","Not established; route match alone is insufficient"
"applicant","angular/applicant/routing.js","141","#/fa/addUnitDetailsform","'fa/addUnitDetailsform',","FAApplicantController","/applicant/fa/addUnitDetailsform","","Documented route missing from React","Not established; route match alone is insufficient"
"applicant","angular/applicant/routing.js","145","#/fa/viewfaapplicantHistory/:applicationId/:establishmentType","function(params){ return 'viewFaHistory/' + params.applicationId+'/'+params.establishmentType; },","FAApplicantController","/applicant/fa/viewfaapplicantHistory/:applicationId/:establishmentType","","Documented route missing from React","Not established; route match alone is insufficient"
"applicant","angular/applicant/routing.js","150","#/fa/newapplicantformapparel","'fa/newapplicantformapparel',","FAApplicantController","/applicant/fa/newapplicantformapparel","","Documented route missing from React","Not established; route match alone is insufficient"
"applicant","angular/applicant/routing.js","154","#/fa/viewfaschemesdetailsunit/:applicationId","function(params){ return 'fa/viewfaschemesdetailsunit/' + params.applicationId; },","FAApplicantController","/applicant/fa/viewfaschemesdetailsunit/:applicationId","","Documented route missing from React","Not established; route match alone is insufficient"
"applicant","angular/applicant/routing.js","158","#/fa/viewfaschemesdetailsapparel/:applicationId","function(params){ return 'fa/viewfaschemesdetailsapparel/' + params.applicationId; },","FAApplicantController","/applicant/fa/viewfaschemesdetailsapparel/:applicationId","","Documented route missing from React","Not established; route match alone is insufficient"
"applicant","angular/applicant/routing.js","162","#/fa/fetchfaschemes/:applicationId","function(params){ return 'fa/fetchfaschemes/' + params.applicationId; },","FAApplicantController","/applicant/fa/fetchfaschemes/:applicationId","","Documented route missing from React","Not established; route match alone is insufficient"
"applicant","angular/applicant/routing.js","166","#/fa/viewfadocumentsuploadunit/:applicationId","function(params){ return 'fa/viewfadocumentsuploadunit/' + params.applicationId; },","FAApplicantController","/applicant/fa/viewfadocumentsuploadunit/:applicationId","","Documented route missing from React","Not established; route match alone is insufficient"
"applicant","angular/applicant/routing.js","170","#/fa/viewfadocumentsuploadapparel/:applicationId","function(params){ return 'fa/viewfadocumentsuploadapparel/' + params.applicationId; },","FAApplicantController","/applicant/fa/viewfadocumentsuploadapparel/:applicationId","","Documented route missing from React","Not established; route match alone is insufficient"
"applicant","angular/applicant/routing.js","174","#/fa/newapplicantsingleform/:establishmentType","function(params){ return 'fa/newapplicantsingleform/' + params.establishmentType; },","FAApplicantController","/applicant/fa/newapplicantsingleform/:establishmentType","","Documented route missing from React","Not established; route match alone is insufficient"
"applicant","angular/applicant/routing.js","178","#/fa/viewfaapplicantdetailunit/:applicationId","'fa/viewfaapplicantdetailunit/',","FAApplicantController","/applicant/fa/viewfaapplicantdetailunit/:applicationId","","Documented route missing from React","Not established; route match alone is insufficient"
"applicant","angular/applicant/routing.js","184","#/fa/viewfaDisbursementUnit/:applicationId/:establishmentType","function(params){ return 'fa/viewfaDisbursementUnit/' + params.applicationId+'/'+params.establishmentType; },","FAApplicantController","/applicant/fa/viewfaDisbursementUnit/:applicationId/:establishmentType","","Documented route missing from React","Not established; route match alone is insufficient"
"applicant","angular/applicant/routing.js","189","#/fa/viewfaacceptanceamountdetailunit/:applicationId/:establishmentType","function(params){ return 'fa/viewfaacceptanceamountdetailunit/' + params.applicationId+'/'+params.establishmentType; },","FAApplicantController","/applicant/fa/viewfaacceptanceamountdetailunit/:applicationId/:establishmentType","","Documented route missing from React","Not established; route match alone is insufficient"
"applicant","angular/applicant/routing.js","194","#/fa/viewfaapplicantdetailunitnew/:applicationId","'fa/viewfaapplicantdetailunitnew/',","FAApplicantController","/applicant/fa/viewfaapplicantdetailunitnew/:applicationId","","Documented route missing from React","Not established; route match alone is insufficient"
"applicant","angular/applicant/routing.js","199","#/fa/viewfaapplicantdetailapparel/:applicationId","'fa/viewfaapplicantdetailapparel/',","FAApplicantController","/applicant/fa/viewfaapplicantdetailapparel/:applicationId","","Documented route missing from React","Not established; route match alone is insufficient"
"applicant","angular/applicant/routing.js","204","#/fa/newstartupfundAssistanceform","'fa/newStartupFundAssistance',","FAApplicantController","/applicant/fa/newstartupfundAssistanceform","","Documented route missing from React","Not established; route match alone is insufficient"
"applicant","angular/applicant/routing.js","208","#/fa/reApplyStartupfundAssistanceform","'fa/reApplyStartupfundAssistanceform',","FAApplicantController","/applicant/fa/reApplyStartupfundAssistanceform","","Documented route missing from React","Not established; route match alone is insufficient"
"applicant","angular/applicant/routing.js","213","#/fa/editFaNewStartupFundAssistance/:id","function(params){ return 'fa/editFaNewStartupFundAssistance/' + params.id; },","FAApplicantController","/applicant/fa/editFaNewStartupFundAssistance/:id","","Documented route missing from React","Not established; route match alone is insufficient"
"applicant","angular/applicant/routing.js","218","#/fa/editIncubatorAssistanceApplication/:id","function(params){ return 'fa/editIncubatorAssistanceApplication/' + params.id; },","FAApplicantController","/applicant/fa/editIncubatorAssistanceApplication/:id","","Documented route missing from React","Not established; route match alone is insufficient"
"applicant","angular/applicant/routing.js","223","#/fa/printFAIncubatorFundingAssistance/:id","function(params) {","FAApplicantController","/applicant/fa/printFAIncubatorFundingAssistance/:id","","Documented route missing from React","Not established; route match alone is insufficient"
"applicant","angular/applicant/routing.js","230","#/fa/printFAStartupFundingAssistance/:id","function(params)","FAApplicantController","/applicant/fa/printFAStartupFundingAssistance/:id","","Documented route missing from React","Not established; route match alone is insufficient"
"applicant","angular/applicant/routing.js","240","#/fa/incubatorAssistanceApplicationForm","'fa/incubatorAssistanceApplicationForm',","FAApplicantController","/applicant/fa/incubatorAssistanceApplicationForm","","Documented route missing from React","Not established; route match alone is insufficient"
"applicant","angular/applicant/routing.js","244","#/fa/managestartupfundAssistanceform","'fa/manageStartupFundAssistance',","FAApplicantController","/applicant/fa/managestartupfundAssistanceform","","Documented route missing from React","Not established; route match alone is insufficient"
"applicant","angular/applicant/routing.js","248","#/fa/manageIncubatorDetailList","'fa/manageIncubatorDetailList',","FAApplicantController","/applicant/fa/manageIncubatorDetailList","","Documented route missing from React","Not established; route match alone is insufficient"
"applicant","angular/applicant/routing.js","253","#/fa/viewfaapplicantdetailapparelnew/:applicationId","'fa/viewfaapplicantdetailapparelnew/',","FAApplicantController","/applicant/fa/viewfaapplicantdetailapparelnew/:applicationId","","Documented route missing from React","Not established; route match alone is insufficient"
"applicant","angular/applicant/routing.js","258","#/printMMSYPage/:applicantId","function(params){ return 'printMMSYPage/' + params.applicantId; },","MPIndustrySchemeController","/applicant/printMMSYPage/:applicantId","","Documented route missing from React","Not established; route match alone is insufficient"
"applicant","angular/applicant/routing.js","262","#/printYUPage/:applicantId","function(params){ return 'printYUPage/' + params.applicantId; },","YuvaUdyamiController","/applicant/printYUPage/:applicantId","","Documented route missing from React","Not established; route match alone is insufficient"
"applicant","angular/applicant/routing.js","266","#/id/landAllotment","'landAllotment',","IDApplicantController","/applicant/id/landAllotment","","Documented route missing from React","Not established; route match alone is insufficient"
"applicant","angular/applicant/routing.js","270","#/id/landAllotmentUN","'landAllotmentUN',","IDApplicantController","/applicant/id/landAllotmentUN","","Documented route missing from React","Not established; route match alone is insufficient"
"applicant","angular/applicant/routing.js","274","#/id/onlinePaymentCheckStatusAll","'onlinePaymentCheckStatusAll',","IDApplicantController","/applicant/id/onlinePaymentCheckStatusAll","","Documented route missing from React","Not established; route match alone is insufficient"
"applicant","angular/applicant/routing.js","286","#/id/landApplications","'landApplications',","IDApplicantController","/applicant/id/landApplications","","Documented route missing from React","Not established; route match alone is insufficient"
"applicant","angular/applicant/routing.js","290","#/id/viewIdHistory/:applicantId","function(params){ return 'id/fetchHistory/' + params.applicantId; },","IDApplicantController","/applicant/id/viewIdHistory/:applicantId","","Documented route missing from React","Not established; route match alone is insufficient"
"applicant","angular/applicant/routing.js","294","#/id/landAcquisition","'landAcquisition',","IDApplicantController","/applicant/id/landAcquisition","","Documented route missing from React","Not established; route match alone is insufficient"
"applicant","angular/applicant/routing.js","298","#/id/idInstruction/:applicantId/:vacantLandId","function(params){ return 'idInstruction/' + params.applicantId +'/'+ params.vacantLandId; },","IDApplicantController","/applicant/id/idInstruction/:applicantId/:vacantLandId","","Documented route missing from React","Not established; route match alone is insufficient"
"applicant","angular/applicant/routing.js","302","#/id/idInstructionUL/:applicantId/:vacantLandId","function(params){ return 'idInstructionUL/' + params.applicantId +'/'+ params.vacantLandId; },","IDApplicantController","/applicant/id/idInstructionUL/:applicantId/:vacantLandId","","Documented route missing from React","Not established; route match alone is insufficient"
"applicant","angular/applicant/routing.js","306","#/id/viewApplyForLandForm/:applicantId/:vacantLandId","function(params){ return 'viewApplyForLandForm/' + params.applicantId +'/'+ params.vacantLandId; },","IDApplicantController","/applicant/id/viewApplyForLandForm/:applicantId/:vacantLandId","","Documented route missing from React","Not established; route match alone is insufficient"
"applicant","angular/applicant/routing.js","310","#/id/editApplyForLandForm/:applicantId/:vacantLandId","function(params){ return 'editApplyForLandForm/' + params.applicantId +'/'+ params.vacantLandId; },","IDApplicantController","/applicant/id/editApplyForLandForm/:applicantId/:vacantLandId","","Documented route missing from React","Not established; route match alone is insufficient"
"applicant","angular/applicant/routing.js","314","#/id/viewDocumentsUpload/:applicantId/:vacantLandId","function(params){ return 'id/viewDocumentsUpload/' + params.applicantId +'/'+ params.vacantLandId; },","IDApplicantController","/applicant/id/viewDocumentsUpload/:applicantId/:vacantLandId","","Documented route missing from React","Not established; route match alone is insufficient"
"applicant","angular/applicant/routing.js","318","#/id/editDocumentsUpload/:applicantId/:vacantLandId","function(params){ return 'id/editDocumentsUpload/' + params.applicantId +'/'+ params.vacantLandId; },","IDApplicantController","/applicant/id/editDocumentsUpload/:applicantId/:vacantLandId","","Documented route missing from React","Not established; route match alone is insufficient"
"applicant","angular/applicant/routing.js","322","#/id/viewApplicationDetail/:applicantId/:vacantLandId","function(params){ return 'viewApplicationDetail/' + params.applicantId+'/'+params.vacantLandId; },","IDApplicantController","/applicant/id/viewApplicationDetail/:applicantId/:vacantLandId","","Documented route missing from React","Not established; route match alone is insufficient"
"applicant","angular/applicant/routing.js","327","#/id/tenderDetails/:vacantLandId","function(params){ return 'tenderDetails/' + params.vacantLandId; },","IDApplicantController","/applicant/id/tenderDetails/:vacantLandId","","Documented route missing from React","Not established; route match alone is insufficient"
"applicant","angular/applicant/routing.js","331","#/id/viewESignApplicationDetail/:applicantId/:vacantLandId","function(params){ return 'viewESignApplicationDetail/' + params.applicantId+'/'+params.vacantLandId; },","IDApplicantController","/applicant/id/viewESignApplicationDetail/:applicantId/:vacantLandId","","Documented route missing from React","Not established; route match alone is insufficient"
"applicant","angular/applicant/routing.js","335","#/id/queryReplyByApplicant/:applicantId/:vacantLandId","function(params){ return 'id/queryReplyByApplicant/' + params.applicantId +'/'+ params.vacantLandId; },","IDApplicantController","/applicant/id/queryReplyByApplicant/:applicantId/:vacantLandId","","Documented route missing from React","Not established; route match alone is insufficient"
"applicant","angular/applicant/routing.js","340","#/id/fetchquerybydtic/:applicantId","function(params){ return 'fa/fetchquerybydtic/' + params.applicantId; },","IDApplicantController","/applicant/id/fetchquerybydtic/:applicantId","","Documented route missing from React","Not established; route match alone is insufficient"
"applicant","angular/applicant/routing.js","345","#/id/annualPayments","function(params){ return 'id/annualPayments'; },","IDApplicantController","/applicant/id/annualPayments","","Documented route missing from React","Not established; route match alone is insufficient"
"applicant","angular/applicant/routing.js","349","#/id/applicantAnnualPayment/:applicantId/:vacantLandId","function(params){ return 'id/applicantAnnualPayment/' + params.applicantId +'/'+ params.vacantLandId; },","IDApplicantController","/applicant/id/applicantAnnualPayment/:applicantId/:vacantLandId","","Documented route missing from React","Not established; route match alone is insufficient"
"applicant","angular/applicant/routing.js","353","#/id/reviewAnnualPayment/:paymentId","function(params){ return 'id/reviewAnnualPayment/' + params.paymentId; },","IDApplicantController","/applicant/id/reviewAnnualPayment/:paymentId","","Documented route missing from React","Not established; route match alone is insufficient"
"applicant","angular/applicant/routing.js","358","#/id/noticeAppealList","function(params){ return 'id/noticeAppealList'; },","IDApplicantController","/applicant/id/noticeAppealList","","Documented route missing from React","Not established; route match alone is insufficient"
"applicant","angular/applicant/routing.js","362","#/id/enterCompliance/:noticeId","function(params){ return 'id/enterCompliance/'+ params.noticeId; },","IDApplicantController","/applicant/id/enterCompliance/:noticeId","","Documented route missing from React","Not established; route match alone is insufficient"
"applicant","angular/applicant/routing.js","366","#/id/viewCompliance/:noticeId","function(params){ return 'id/viewCompliance/'+ params.noticeId; },","IDApplicantController","/applicant/id/viewCompliance/:noticeId","","Documented route missing from React","Not established; route match alone is insufficient"
"applicant","angular/applicant/routing.js","370","#/id/newAppeal/:noticeId","function(params){ return 'id/newAppeal/'+ params.noticeId; },","IDApplicantController","/applicant/id/newAppeal/:noticeId","","Documented route missing from React","Not established; route match alone is insufficient"
"applicant","angular/applicant/routing.js","374","#/id/reviewAppealPayment/:appealId","function(params){ return 'id/reviewAppealPayment/' + params.appealId; },","IDApplicantController","/applicant/id/reviewAppealPayment/:appealId","","Documented route missing from React","Not established; route match alone is insufficient"
"applicant","angular/applicant/routing.js","378","#/id/newAppealForIC/:noticeId","function(params){ return 'id/newAppealForIC/'+ params.noticeId; },","IDApplicantController","/applicant/id/newAppealForIC/:noticeId","","Documented route missing from React","Not established; route match alone is insufficient"
"applicant","angular/applicant/routing.js","382","#/id/viewAppeal/:appealId","function(params){ return 'id/viewAppeal/'+ params.appealId; },","IDApplicantController","/applicant/id/viewAppeal/:appealId","","Documented route missing from React","Not established; route match alone is insufficient"
"applicant","angular/applicant/routing.js","386","#/id/viewAppealForIC/:appealId","function(params){ return 'id/viewAppealForIC/'+ params.appealId; },","IDApplicantController","/applicant/id/viewAppealForIC/:appealId","","Documented route missing from React","Not established; route match alone is insufficient"
"applicant","angular/applicant/routing.js","390","#/id/viewAppealHearing/:appealHearingId","function(params){ return 'id/viewAppealHearing/'+ params.appealHearingId; },","IDApplicantController","/applicant/id/viewAppealHearing/:appealHearingId","","Documented route missing from React","Not established; route match alone is insufficient"
"applicant","angular/applicant/routing.js","395","#/fa/queryReplyByApplicant/:applicationId/:establishmentType","function(params){ return 'fa/queryReplyByApplicant/' + params.applicationId+'/'+ params.establishmentType; },","FAApplicantController","/applicant/fa/queryReplyByApplicant/:applicationId/:establishmentType","","Documented route missing from React","Not established; route match alone is insufficient"
"applicant","angular/applicant/routing.js","399","#/fa/fetchquerybydtic/:applicationId","function(params){ return 'fa/fetchquerybydtic/' + params.applicationId; },","FAApplicantController","/applicant/fa/fetchquerybydtic/:applicationId","","Documented route missing from React","Not established; route match alone is insufficient"
"applicant","angular/applicant/routing.js","403","#/uploadLOC/:applicantId","function(params){ return 'uploadLOC/' + params.applicantId; },","IDApplicantController","/applicant/uploadLOC/:applicantId","","Documented route missing from React","Not established; route match alone is insufficient"
"applicant","angular/applicant/routing.js","407","#/reviewLocPayment/:locChallanId","function(params){ return 'reviewLocPayment/' + params.locChallanId; },","IDApplicantController","/applicant/reviewLocPayment/:locChallanId","","Documented route missing from React","Not established; route match alone is insufficient"
"applicant","angular/applicant/routing.js","411","#/viewLOCDetails/:applicantId","function(params){ return 'viewLOCDetails/' + params.applicantId; },","IDApplicantController","/applicant/viewLOCDetails/:applicantId","","Documented route missing from React","Not established; route match alone is insufficient"
"applicant","angular/applicant/routing.js","415","#/locPaymentDetails/:locChallanId","function(params){ return 'locPaymentDetails/' + params.locChallanId; },","IDApplicantController","/applicant/locPaymentDetails/:locChallanId","","Documented route missing from React","Not established; route match alone is insufficient"
"applicant","angular/applicant/routing.js","419","#/fetchuamdetails/:uamNumber/:aadhaarNumber","function(params){ return 'fetchuamdetails/' + params.uamNumber +'/'+ params.aadhaarNumber; },","IDApplicantController","/applicant/fetchuamdetails/:uamNumber/:aadhaarNumber","","Documented route missing from React","Not established; route match alone is insufficient"
"applicant","angular/applicant/routing.js","423","#/vacantLandListLanding","'vacantLandListLanding',","IDLandingPageController","/applicant/vacantLandListLanding","","Documented route missing from React","Not established; route match alone is insufficient"
"applicant","angular/applicant/routing.js","428","#/vacantLandListLandingUL","'vacantLandListLandingUL',","IDLandingPageController","/applicant/vacantLandListLandingUL","","Documented route missing from React","Not established; route match alone is insufficient"
"applicant","angular/applicant/routing.js","433","#/advanceSearchLanding","'advanceSearchLanding',","IDLandingPageController","/applicant/advanceSearchLanding","","Documented route missing from React","Not established; route match alone is insufficient"
"applicant","angular/applicant/routing.js","437","#/vacantLandListLanding1/:vacantLandId","'vacantLandListLanding1',","IDLandingPageController","/applicant/vacantLandListLanding1/:vacantLandId","","Documented route missing from React","Not established; route match alone is insufficient"
"applicant","angular/applicant/routing.js","441","#/id/onlinePayment/:applicantId/:vacantLandId","function(params){ return 'id/onlinePayment/' + params.applicantId +'/'+ params.vacantLandId; },","IDApplicantController","/applicant/id/onlinePayment/:applicantId/:vacantLandId","","Documented route missing from React","Not established; route match alone is insufficient"
"applicant","angular/applicant/routing.js","445","#/id/paymentReceipt/:crn","function(params){ return 'id/onlinePaymentResponse_csfms/' + params.crn; },","IDApplicantController","/applicant/id/paymentReceipt/:crn","","Documented route missing from React","Not established; route match alone is insufficient"
"applicant","angular/applicant/routing.js","449","#/id/locPaymentReceipt/:locChallanId/:crn","function(params){ return 'id/onlinePaymentResponse_csfms/'+ params.locChallanId +'/'+ params.crn; },","IDApplicantController","/applicant/id/locPaymentReceipt/:locChallanId/:crn","","Documented route missing from React","Not established; route match alone is insufficient"
"applicant","angular/applicant/routing.js","453","#/id/retryOnlinePayment/:applicantId/:vacantLandId","function(params){ return 'id/retryOnlinePayment/' + params.applicantId +'/'+ params.vacantLandId; },","IDApplicantController","/applicant/id/retryOnlinePayment/:applicantId/:vacantLandId","","Documented route missing from React","Not established; route match alone is insufficient"
"applicant","angular/applicant/routing.js","457","#/id/retryLOCPayment/:locChallanId","function(params){ return 'id/retryLOCPayment/' + params.locChallanId; },","IDApplicantController","/applicant/id/retryLOCPayment/:locChallanId","","Documented route missing from React","Not established; route match alone is insufficient"
"applicant","angular/applicant/routing.js","461","#/id/viewAnnualPaymentHistory/:applicantId","function(params){ return 'id/viewAnnualPaymentHistory/' + params.applicantId; },","IDApplicantController","/applicant/id/viewAnnualPaymentHistory/:applicantId","","Documented route missing from React","Not established; route match alone is insufficient"
"applicant","angular/applicant/routing.js","465","#/id/enterConditionalComplianceZO/:hearingId","function(params){ return 'id/viewEnterConditionalComplianceZO/' + params.hearingId; },","IDApplicantController","/applicant/id/enterConditionalComplianceZO/:hearingId","","Documented route missing from React","Not established; route match alone is insufficient"
"applicant","angular/applicant/routing.js","469","#/id/viewConditionalDecisionZO/:hearingId/:decisionId","function(params){ return 'viewConditionalDecisionZO/'+ params.hearingId+'/'+ params.decisionId; },","IDApplicantController","/applicant/id/viewConditionalDecisionZO/:hearingId/:decisionId","","Documented route missing from React","Not established; route match alone is insufficient"
"applicant","angular/applicant/routing.js","473","#/id/enterConditionalComplianceIC/:hearingId","function(params){ return 'id/viewEnterConditionalComplianceIC/' + params.hearingId; },","IDApplicantController","/applicant/id/enterConditionalComplianceIC/:hearingId","","Documented route missing from React","Not established; route match alone is insufficient"
"applicant","angular/applicant/routing.js","477","#/id/viewConditionalDecisionIC/:hearingId/:decisionId","function(params){ return 'viewConditionalDecisionIC/'+ params.hearingId+'/'+ params.decisionId; },","IDApplicantController","/applicant/id/viewConditionalDecisionIC/:hearingId/:decisionId","","Documented route missing from React","Not established; route match alone is insufficient"
"applicant","angular/applicant/routing.js","481","#/viewAnnualPaymentDetails/:paymentId","function(params){ return 'viewAnnualPaymentDetails/' + params.paymentId; },","IDApplicantController","/applicant/viewAnnualPaymentDetails/:paymentId","","Documented route missing from React","Not established; route match alone is insufficient"
"applicant","angular/applicant/routing.js","486","#/incubationRegistration","'incubationRegistration',","MPIncubationController","/applicant/incubationRegistration","","Documented route missing from React","Not established; route match alone is insufficient"
"applicant","angular/applicant/routing.js","490","#/incubationRegistrationForm","'incubationRegistrationForm',","MPIncubationController","/applicant/incubationRegistrationForm","","Documented route missing from React","Not established; route match alone is insufficient"
"applicant","angular/applicant/routing.js","494","#/incubationViewPrintForm/:incubationRegistrationId","function(params){ return 'incubationViewPrintForm/' + params.incubationRegistrationId; },","MPIncubationController","/applicant/incubationViewPrintForm/:incubationRegistrationId","","Documented route missing from React","Not established; route match alone is insufficient"
"applicant","angular/applicant/routing.js","500","#/startupRegistration","'startupRegistration',","MPIncubationController","/applicant/startupRegistration","","Documented route missing from React","Not established; route match alone is insufficient"
"applicant","angular/applicant/routing.js","504","#/startupBenefitsForm","'startupBenefitsForm',","MPIncubationController","/applicant/startupBenefitsForm","","Documented route missing from React","Not established; route match alone is insufficient"
"applicant","angular/applicant/routing.js","508","#/grievanceRedressalForm","'grievanceRedressalForm',","MPIncubationController","/applicant/grievanceRedressalForm","","Documented route missing from React","Not established; route match alone is insufficient"
"applicant","angular/applicant/routing.js","512","#/grievanceViewPrintForm/:grievanceId","function(params){ return 'grievanceViewPrintForm/' + params.grievanceId; },","MPIncubationController","/applicant/grievanceViewPrintForm/:grievanceId","","Documented route missing from React","Not established; route match alone is insufficient"
"applicant","angular/applicant/routing.js","517","#/startupRegistrationForm","'startupRegistrationForm',","MPIncubationController","/applicant/startupRegistrationForm","","Documented route missing from React","Not established; route match alone is insufficient"
"applicant","angular/applicant/routing.js","521","#/startupViewPrintForm/:startupId","function(params){ return 'startupViewPrintForm/' + params.startupId; },","MPIncubationController","/applicant/startupViewPrintForm/:startupId","","Documented route missing from React","Not established; route match alone is insufficient"
"applicant","angular/applicant/routing.js","526","#/startupBenefitsViewPrintForm/:startupId","function(params){ return 'startupBenefitsViewPrintForm/' + params.startupId; },","MPIncubationController","/applicant/startupBenefitsViewPrintForm/:startupId","","Documented route missing from React","Not established; route match alone is insufficient"
"applicant","angular/applicant/routing.js","532","#/helpSupport","'helpSupport',","MPIncubationController","/applicant/helpSupport","","Documented route missing from React","Not established; route match alone is insufficient"
"applicant","angular/applicant/routing.js","536","#/msmeAwardList","'msmeAwardList',","MSMEApplicantController","/applicant/msmeAwardList","","Documented route missing from React","Not established; route match alone is insufficient"
"applicant","angular/applicant/routing.js","540","#/msmeStartupAwardList","'msmeStartupAwardList',","MSMEApplicantController","/applicant/msmeStartupAwardList","","Documented route missing from React","Not established; route match alone is insufficient"
"applicant","angular/applicant/routing.js","544","#/uploadMsmeSAwardDocs","'uploadMsmeSAwardDocs',","MSMEApplicantController","/applicant/uploadMsmeSAwardDocs","","Documented route missing from React","Not established; route match alone is insufficient"
"applicant","angular/applicant/routing.js","548","#/applyMsmeAward/:id","function(params){ return 'applyMsmeAward/' + params.id; },","MSMEApplicantController","/applicant/applyMsmeAward/:id","","Documented route missing from React","Not established; route match alone is insufficient"
"applicant","angular/applicant/routing.js","553","#/editMsmeAward/:id/:applicationId","function(params){ return 'editMsmeAward/' + params.id + '/'+ params.applicationId; },","MSMEApplicantController","/applicant/editMsmeAward/:id/:applicationId","","Documented route missing from React","Not established; route match alone is insufficient"
"applicant","angular/applicant/routing.js","558","#/viewMsmeAwardForm/:id/:applicationId","function(params){ return 'viewMsmeAwardForm/' + params.id + '/'+ params.applicationId; },","MSMEApplicantController","/applicant/viewMsmeAwardForm/:id/:applicationId","","Documented route missing from React","Not established; route match alone is insufficient"
"applicant","angular/applicant/routing.js","564","#/viewStartupAwardForm/:id","function(params){ return 'viewStartupAwardForm/' + params.id; },","MSMEApplicantController","/applicant/viewStartupAwardForm/:id","","Documented route missing from React","Not established; route match alone is insufficient"
"applicant","angular/applicant/routing.js","569","#/uploadMsmeAwardDocs/:id/:applicationId","function(params){ return 'uploadMsmeAwardDocs/' + params.id +'/'+ params.applicationId;},","MSMEApplicantController","/applicant/uploadMsmeAwardDocs/:id/:applicationId","","Documented route missing from React","Not established; route match alone is insufficient"
"applicant","angular/applicant/routing.js","574","#/evalutionCommittteform/:id","function(params){ return 'evalutionCommittteform/' + params.id; },","MsmeController","/applicant/evalutionCommittteform/:id","","Documented route missing from React","Not established; route match alone is insufficient"
"applicant","angular/applicant/routing.js","578","#/id/updatePossessionLetter/:applicantId/:vacantLandId","function(params){ return 'updatePossessionLetter/' + params.applicantId+'/'+params.vacantLandId; },","IDApplicantController","/applicant/id/updatePossessionLetter/:applicantId/:vacantLandId","","Documented route missing from React","Not established; route match alone is insufficient"
"audit","angular/audit/AuditRouting.js","19","#/updateprofile","'updateprofile',","CommonController","/department/audit/profile","","Documented route missing from React","Not established; route match alone is insufficient"
"audit","angular/audit/AuditRouting.js","22","#/changepassword","'changepassword',","CommonController","/department/audit/change-password","","Documented route missing from React","Not established; route match alone is insufficient"
"audit","angular/audit/AuditRouting.js","25","#/firstPasswordChange","'firstPasswordChange',","CommonController","/department/audit/first-password-change","","Documented route missing from React","Not established; route match alone is insufficient"
"audit","angular/audit/AuditRouting.js","28","#/success","'success'","","/department/audit/success","","Documented route missing from React","Not established; route match alone is insufficient"
"audit","angular/audit/AuditRouting.js","32","#/dashboard","'dashboard',","AuditController","/department/audit/dashboard","DepartmentDashboard","Static dashboard; reused for other routes","Not established; route match alone is insufficient"
"audit","angular/audit/AuditRouting.js","35","#/officerDetails","'officerDetails',","AuditController","/department/audit/officerDetails","","Documented route missing from React","Not established; route match alone is insufficient"
"audit","angular/audit/AuditRouting.js","38","#/addNewOfficer","'addNewOfficer',","AuditController","/department/audit/addNewOfficer","","Documented route missing from React","Not established; route match alone is insufficient"
"audit","angular/audit/AuditRouting.js","41","#/printOfficerList","'printOfficerList',","AuditController","/department/audit/printOfficerList","","Documented route missing from React","Not established; route match alone is insufficient"
"audit","angular/audit/AuditRouting.js","44","#/viewOfficerDetails/:userId","function(params) {","AuditController","/department/audit/viewOfficerDetails/:userId","","Documented route missing from React","Not established; route match alone is insufficient"
"audit","angular/audit/AuditRouting.js","49","#/printOfficerDetails/:userId","function(params) {","AuditController","/department/audit/printOfficerDetails/:userId","","Documented route missing from React","Not established; route match alone is insufficient"
"audit","angular/audit/AuditRouting.js","54","#/auditrosterlist","'auditRosterList',","AuditController","/department/audit/auditrosterlist","","Documented route missing from React","Not established; route match alone is insufficient"
"audit","angular/audit/AuditRouting.js","57","#/viewAuditRoster/:financialYearId","function(params) {","AuditController","/department/audit/viewAuditRoster/:financialYearId","","Documented route missing from React","Not established; route match alone is insufficient"
"audit","angular/audit/AuditRouting.js","62","#/generateAuditRoster/:financialYearId","function(params) {","AuditController","/department/audit/generateAuditRoster/:financialYearId","","Documented route missing from React","Not established; route match alone is insufficient"
"audit","angular/audit/AuditRouting.js","67","#/addauditrosterform","'addAuditRosterForm',","AuditController","/department/audit/addauditrosterform","","Documented route missing from React","Not established; route match alone is insufficient"
"audit","angular/audit/AuditRouting.js","70","#/editauditrosterform/:financialYearId","function(params) {","AuditController","/department/audit/editauditrosterform/:financialYearId","","Documented route missing from React","Not established; route match alone is insufficient"
"audit","angular/audit/AuditRouting.js","75","#/auditRosterListForOfficer","'auditRosterListForOfficer',","AuditController","/department/audit/auditRosterListForOfficer","","Documented route missing from React","Not established; route match alone is insufficient"
"audit","angular/audit/AuditRouting.js","78","#/internalAuditForm/:auditRosterId","function(params) {","AuditController","/department/audit/internalAuditForm/:auditRosterId","","Documented route missing from React","Not established; route match alone is insufficient"
"audit","angular/audit/AuditRouting.js","83","#/externalAuditForm","'externalAuditForm',","AuditController","/department/audit/externalAuditForm","","Documented route missing from React","Not established; route match alone is insufficient"
"audit","angular/audit/AuditRouting.js","86","#/internalAuditList","'internalAuditListForHO',","AuditController","/department/audit/internalAuditList","","Documented route missing from React","Not established; route match alone is insufficient"
"audit","angular/audit/AuditRouting.js","89","#/externalauditlist","'externalAuditListForHO',","AuditController","/department/audit/externalauditlist","","Documented route missing from React","Not established; route match alone is insufficient"
"audit","angular/audit/AuditRouting.js","92","#/internalAuditOpinion/:auditRosterId/","function(params) {","AuditController","/department/audit/internalAuditOpinion/:auditRosterId/","","Documented route missing from React","Not established; route match alone is insufficient"
"audit","angular/audit/AuditRouting.js","97","#/agExternalAuditEnterOpinion/:rosterId","function(params) {","AuditController","/department/audit/agExternalAuditEnterOpinion/:rosterId","","Documented route missing from React","Not established; route match alone is insufficient"
"audit","angular/audit/AuditRouting.js","102","#/viewExternalAudit/:rosterId","function(params) {","AuditController","/department/audit/viewExternalAudit/:rosterId","","Documented route missing from React","Not established; route match alone is insufficient"
"audit","angular/audit/AuditRouting.js","107","#/factualdetaillist","'factualDetailListForHO',","AuditController","/department/audit/factualdetaillist","","Documented route missing from React","Not established; route match alone is insufficient"
"audit","angular/audit/AuditRouting.js","110","#/factualDetailForm/:auditExternalId/:districtId","function(params) {","AuditController","/department/audit/factualDetailForm/:auditExternalId/:districtId","","Documented route missing from React","Not established; route match alone is insufficient"
"audit","angular/audit/AuditRouting.js","119","#/agFactualDetailEnterOpinion/:factualDetailId","function(params) {","AuditController","/department/audit/agFactualDetailEnterOpinion/:factualDetailId","","Documented route missing from React","Not established; route match alone is insufficient"
"audit","angular/audit/AuditRouting.js","127","#/viewFactualDetail/:factualDetailId","function(params) {","AuditController","/department/audit/viewFactualDetail/:factualDetailId","","Documented route missing from React","Not established; route match alone is insufficient"
"audit","angular/audit/AuditRouting.js","132","#/proformaclauselist","'proformaClauseListForHO',","AuditController","/department/audit/proformaclauselist","","Documented route missing from React","Not established; route match alone is insufficient"
"audit","angular/audit/AuditRouting.js","135","#/proformaClauseForm/:factualDetailId/:districtId","function(params) {","AuditController","/department/audit/proformaClauseForm/:factualDetailId/:districtId","","Documented route missing from React","Not established; route match alone is insufficient"
"audit","angular/audit/AuditRouting.js","144","#/agProformaClauseEnterOpinion/:proformaId","function(params) {","AuditController","/department/audit/agProformaClauseEnterOpinion/:proformaId","","Documented route missing from React","Not established; route match alone is insufficient"
"audit","angular/audit/AuditRouting.js","149","#/viewProformaClause/:proformaId","function(params) {","AuditController","/department/audit/viewProformaClause/:proformaId","","Documented route missing from React","Not established; route match alone is insufficient"
"audit","angular/audit/AuditRouting.js","154","#/viewInternalAudit/:rosterId","function(params) {","AuditController","/department/audit/viewInternalAudit/:rosterId","","Documented route missing from React","Not established; route match alone is insufficient"
"audit","angular/audit/AuditRouting.js","159","#/cagIndiaReportList","'cagIndiaReportList',","AuditController","/department/audit/cagIndiaReportList","","Documented route missing from React","Not established; route match alone is insufficient"
"audit","angular/audit/AuditRouting.js","162","#/cagReportAuditEnterOpinion/:proformaId","function(params) {","AuditController","/department/audit/cagReportAuditEnterOpinion/:proformaId","","Documented route missing from React","Not established; route match alone is insufficient"
"audit","angular/audit/AuditRouting.js","167","#/viewCagReport/:cagReportId","function(params) {","AuditController","/department/audit/viewCagReport/:cagReportId","","Documented route missing from React","Not established; route match alone is insufficient"
"audit","angular/audit/AuditRouting.js","172","#/pacReportList","'pacReportListForHO',","AuditController","/department/audit/pacReportList","","Documented route missing from React","Not established; route match alone is insufficient"
"audit","angular/audit/AuditRouting.js","175","#/pacReportAuditEnterOpinion/:cagReportId","function(params) {","AuditController","/department/audit/pacReportAuditEnterOpinion/:cagReportId","","Documented route missing from React","Not established; route match alone is insufficient"
"audit","angular/audit/AuditRouting.js","180","#/viewPacReport/:pacReportId","function(params) {","AuditController","/department/audit/viewPacReport/:pacReportId","","Documented route missing from React","Not established; route match alone is insufficient"
"audit","angular/audit/AuditRouting.js","185","#/enterCagAssemblySecyOpinion/:cagReportId","function(params) {","AuditController","/department/audit/enterCagAssemblySecyOpinion/:cagReportId","","Documented route missing from React","Not established; route match alone is insufficient"
"audit","angular/audit/AuditRouting.js","190","#/pacReportLaEnterOpinion/:pacReportId","function(params) {","AuditController","/department/audit/pacReportLaEnterOpinion/:pacReportId","","Documented route missing from React","Not established; route match alone is insufficient"
"audit","angular/audit/AuditRouting.js","197","#/letterList","'letterList',","CommonController","/department/audit/letterList","","Documented route missing from React","Not established; route match alone is insufficient"
"audit","angular/audit/AuditRouting.js","200","#/viewLetter/:letterId","function(params) {","CommonController","/department/audit/viewLetter/:letterId","","Documented route missing from React","Not established; route match alone is insufficient"
"audit","angular/audit/AuditRouting.js","206","#/updateProcess/:letterId","function(params) {","CommonController","/department/audit/updateProcess/:letterId","","Documented route missing from React","Not established; route match alone is insufficient"
"audit","angular/audit/AuditRouting.js","211","#/loadHistory/:letterId","function(params) {","CommonController","/department/audit/loadHistory/:letterId","","Documented route missing from React","Not established; route match alone is insufficient"
"bank","angular/bank/routing.js","16","#/updateprofile","'updateprofile',","CommonController","/department/bank/profile","","Documented route missing from React","Not established; route match alone is insufficient"
"bank","angular/bank/routing.js","20","#/changepassword","'changepassword',","CommonController","/department/bank/change-password","","Documented route missing from React","Not established; route match alone is insufficient"
"bank","angular/bank/routing.js","24","#/firstPasswordChange","'firstPasswordChange',","CommonController","/department/bank/first-password-change","","Documented route missing from React","Not established; route match alone is insufficient"
"bank","angular/bank/routing.js","28","#/success","'success'","","/department/bank/success","","Documented route missing from React","Not established; route match alone is insufficient"
"bank","angular/bank/routing.js","33","#/dashboard","'dashboard',","BankController","/department/bank/dashboard","DepartmentDashboard","Static dashboard; reused for other routes","Not established; route match alone is insufficient"
"bank","angular/bank/routing.js","37","#/dticpendingapplicants","'dticpendingapplicants',","BankController","/department/bank/dticpendingapplicants","","Documented route missing from React","Not established; route match alone is insufficient"
"bank","angular/bank/routing.js","41","#/viewdocumentdetail/:applicantId","function(params){ return 'viewdocumentdetail/' + params.applicantId; },","BankController","/department/bank/viewdocumentdetail/:applicantId","","Documented route missing from React","Not established; route match alone is insufficient"
"bank","angular/bank/routing.js","45","#/viewyudocumentdetail/:applicantId","function(params){ return 'viewyudocumentdetail/' + params.applicantId; },","BankController","/department/bank/viewyudocumentdetail/:applicantId","","Documented route missing from React","Not established; route match alone is insufficient"
"bank","angular/bank/routing.js","49","#/viewapplicantdetail/:applicantId","'viewapplicantdetail',","BankController","/department/bank/viewapplicantdetail/:applicantId","","Documented route missing from React","Not established; route match alone is insufficient"
"bank","angular/bank/routing.js","53","#/viewacceptrejectform/:applicantId","function(params){ return 'viewacceptrejectform/' + params.applicantId; },","BankController","/department/bank/viewacceptrejectform/:applicantId","","Documented route missing from React","Not established; route match alone is insufficient"
"bank","angular/bank/routing.js","57","#/viewschemedetailform/:applicantId","function(params){ return 'viewschemedetailform/' + params.applicantId; },","BankController","/department/bank/viewschemedetailform/:applicantId","","Documented route missing from React","Not established; route match alone is insufficient"
"bank","angular/bank/routing.js","61","#/viewprojectreportform/:applicantId","function(params){ return 'viewprojectreportform/' + params.applicantId; },","BankController","/department/bank/viewprojectreportform/:applicantId","","Documented route missing from React","Not established; route match alone is insufficient"
"bank","angular/bank/routing.js","65","#/dticpendingyuvaudhami","'dticpendingyuvaudhami',","BankController","/department/bank/dticpendingyuvaudhami","","Documented route missing from React","Not established; route match alone is insufficient"
"bank","angular/bank/routing.js","69","#/bankacceptedapplicants","'bankacceptedapplicants',","BankController","/department/bank/bankacceptedapplicants","","Documented route missing from React","Not established; route match alone is insufficient"
"bank","angular/bank/routing.js","73","#/bankacceptedyuvaudhami","'bankacceptedyuvaudhami',","BankController","/department/bank/bankacceptedyuvaudhami","","Documented route missing from React","Not established; route match alone is insufficient"
"bank","angular/bank/routing.js","77","#/viewmarginmoneycommentlist/:applicantId","function(params){ return 'viewmarginmoneycommentlist/' + params.applicantId; },","BankController","/department/bank/viewmarginmoneycommentlist/:applicantId","","Documented route missing from React","Not established; route match alone is insufficient"
"bank","angular/bank/routing.js","81","#/viewmarginmoneycommentform/:applicantId","function(params){ return 'viewmarginmoneycommentform/' + params.applicantId; },","BankController","/department/bank/viewmarginmoneycommentform/:applicantId","","Documented route missing from React","Not established; route match alone is insufficient"
"budgetPlanning","angular/budgetPlanning/BudgetPlanningRouting.js","16","#/updateprofile","'updateprofile',","CommonController","/department/budget-planning/profile","","Documented route missing from React","Not established; route match alone is insufficient"
"budgetPlanning","angular/budgetPlanning/BudgetPlanningRouting.js","20","#/changepassword","'changepassword',","CommonController","/department/budget-planning/change-password","","Documented route missing from React","Not established; route match alone is insufficient"
"budgetPlanning","angular/budgetPlanning/BudgetPlanningRouting.js","24","#/firstPasswordChange","'firstPasswordChange',","CommonController","/department/budget-planning/first-password-change","","Documented route missing from React","Not established; route match alone is insufficient"
"budgetPlanning","angular/budgetPlanning/BudgetPlanningRouting.js","28","#/success","'success'","","/department/budget-planning/success","","Documented route missing from React","Not established; route match alone is insufficient"
"budgetPlanning","angular/budgetPlanning/BudgetPlanningRouting.js","33","#/dashboard","'dashboard',","PlanningController","/department/budget-planning/dashboard","DepartmentDashboard","Static dashboard; reused for other routes","Not established; route match alone is insufficient"
"budgetPlanning","angular/budgetPlanning/BudgetPlanningRouting.js","37","#/hoBudgetDetails","'hoBudgetDetails',","PlanningController","/department/budget-planning/hoBudgetDetails","","Documented route missing from React","Not established; route match alone is insufficient"
"budgetPlanning","angular/budgetPlanning/BudgetPlanningRouting.js","41","#/hoBudgetDetails/:financialYearId","function(params){ return 'hoBudgetDetails/' + params.financialYearId; },","PlanningController","/department/budget-planning/hoBudgetDetails/:financialYearId","","Documented route missing from React","Not established; route match alone is insufficient"
"budgetPlanning","angular/budgetPlanning/BudgetPlanningRouting.js","45","#/hoBudgetAllocation/:financialYearId","function(params){ return 'hoBudgetAllocation/' + params.financialYearId; },","PlanningController","/department/budget-planning/hoBudgetAllocation/:financialYearId","","Documented route missing from React","Not established; route match alone is insufficient"
"budgetPlanning","angular/budgetPlanning/BudgetPlanningRouting.js","49","#/viewHOBudget/:hoBudgetId","function(params){ return 'viewHOBudget/' + params.hoBudgetId; },","PlanningController","/department/budget-planning/viewHOBudget/:hoBudgetId","","Documented route missing from React","Not established; route match alone is insufficient"
"budgetPlanning","angular/budgetPlanning/BudgetPlanningRouting.js","53","#/hoHeadsBudgetDetails","'hoHeadsBudgetDetails',","PlanningController","/department/budget-planning/hoHeadsBudgetDetails","","Documented route missing from React","Not established; route match alone is insufficient"
"budgetPlanning","angular/budgetPlanning/BudgetPlanningRouting.js","57","#/printHOHeadsBudgetDetails","'printHOHeadsBudgetDetails',","PlanningController","/department/budget-planning/printHOHeadsBudgetDetails","","Documented route missing from React","Not established; route match alone is insufficient"
"budgetPlanning","angular/budgetPlanning/BudgetPlanningRouting.js","62","#/newHoHeadsBudgetAllocation/:financialYearId","function(params){ return 'newHoHeadsBudgetAllocation/' + params.financialYearId; },","PlanningController","/department/budget-planning/newHoHeadsBudgetAllocation/:financialYearId","","Documented route missing from React","Not established; route match alone is insufficient"
"budgetPlanning","angular/budgetPlanning/BudgetPlanningRouting.js","66","#/viewHoHeadsBudgetAllocation/:financialYearId","function(params){ return 'viewHoHeadsBudgetAllocation/' + params.financialYearId; },","PlanningController","/department/budget-planning/viewHoHeadsBudgetAllocation/:financialYearId","","Documented route missing from React","Not established; route match alone is insufficient"
"budgetPlanning","angular/budgetPlanning/BudgetPlanningRouting.js","70","#/printHoHeadsBudgetAllocation/:financialYearId","function(params){ return 'printHoHeadsBudgetAllocation/' + params.financialYearId; },","PlanningController","/department/budget-planning/printHoHeadsBudgetAllocation/:financialYearId","","Documented route missing from React","Not established; route match alone is insufficient"
"budgetPlanning","angular/budgetPlanning/BudgetPlanningRouting.js","76","#/dticBudgetDetails","'dticBudgetDetails',","PlanningController","/department/budget-planning/dticBudgetDetails","","Documented route missing from React","Not established; route match alone is insufficient"
"budgetPlanning","angular/budgetPlanning/BudgetPlanningRouting.js","80","#/dticBudgetDetails/:financialYearId","function(params){ return 'dticBudgetDetails/' + params.financialYearId; },","PlanningController","/department/budget-planning/dticBudgetDetails/:financialYearId","","Documented route missing from React","Not established; route match alone is insufficient"
"budgetPlanning","angular/budgetPlanning/BudgetPlanningRouting.js","84","#/dticBudgetAllocation/:financialYearId","function(params){ return 'dticBudgetAllocation/' + params.financialYearId; },","PlanningController","/department/budget-planning/dticBudgetAllocation/:financialYearId","","Documented route missing from React","Not established; route match alone is insufficient"
"budgetPlanning","angular/budgetPlanning/BudgetPlanningRouting.js","88","#/dticBudgetAllocation/:userId/:financialYearId","function(params){ return 'dticBudgetAllocation/' + params.userId + '/' + params.financialYearId; },","PlanningController","/department/budget-planning/dticBudgetAllocation/:userId/:financialYearId","","Documented route missing from React","Not established; route match alone is insufficient"
"budgetPlanning","angular/budgetPlanning/BudgetPlanningRouting.js","92","#/viewDTICBudget/:dticBudgetId","function(params){ return 'viewDTICBudget/' + params.dticBudgetId; },","PlanningController","/department/budget-planning/viewDTICBudget/:dticBudgetId","","Documented route missing from React","Not established; route match alone is insufficient"
"budgetPlanning","angular/budgetPlanning/BudgetPlanningRouting.js","96","#/dticHeadsBudgetDetails","'dticHeadsBudgetDetails',","PlanningController","/department/budget-planning/dticHeadsBudgetDetails","","Documented route missing from React","Not established; route match alone is insufficient"
"budgetPlanning","angular/budgetPlanning/BudgetPlanningRouting.js","100","#/printDTICHeadsBudgetDetails","'printDTICHeadsBudgetDetails',","PlanningController","/department/budget-planning/printDTICHeadsBudgetDetails","","Documented route missing from React","Not established; route match alone is insufficient"
"budgetPlanning","angular/budgetPlanning/BudgetPlanningRouting.js","105","#/dticHeadsBudgetDetails/:financialYearId","function(params){ return 'dticHeadsBudgetDetails/' + params.financialYearId; },","PlanningController","/department/budget-planning/dticHeadsBudgetDetails/:financialYearId","","Documented route missing from React","Not established; route match alone is insufficient"
"budgetPlanning","angular/budgetPlanning/BudgetPlanningRouting.js","109","#/printDTICHeadsBudgetDetailsFY/:financialYearId","function(params){ return 'printDTICHeadsBudgetDetailsFY/' + params.financialYearId; },","PlanningController","/department/budget-planning/printDTICHeadsBudgetDetailsFY/:financialYearId","","Documented route missing from React","Not established; route match alone is insufficient"
"budgetPlanning","angular/budgetPlanning/BudgetPlanningRouting.js","114","#/printDTICHeadsBudgetDetailsFY/:userId/:financialYearId","function(params){ return 'printDTICHeadsBudgetDetailsFY/' + params.userId + '/' + params.financialYearId; },","PlanningController","/department/budget-planning/printDTICHeadsBudgetDetailsFY/:userId/:financialYearId","","Documented route missing from React","Not established; route match alone is insufficient"
"budgetPlanning","angular/budgetPlanning/BudgetPlanningRouting.js","119","#/newDTICHeadsBudgetAllocation/:userId/:financialYearId/:quarterId","function(params){ return 'newDTICHeadsBudgetAllocation/' + params.userId + '/' + params.financialYearId + '/' + params.quarterId; },","PlanningController","/department/budget-planning/newDTICHeadsBudgetAllocation/:userId/:financialYearId/:quarterId","","Documented route missing from React","Not established; route match alone is insufficient"
"budgetPlanning","angular/budgetPlanning/BudgetPlanningRouting.js","123","#/viewDTICHeadsBudgetAllocation/:userId/:financialYearId/:quarterId","function(params){ return 'viewDTICHeadsBudgetAllocation/' + params.userId + '/' + params.financialYearId + '/' + params.quarterId; },","PlanningController","/department/budget-planning/viewDTICHeadsBudgetAllocation/:userId/:financialYearId/:quarterId","","Documented route missing from React","Not established; route match alone is insufficient"
"budgetPlanning","angular/budgetPlanning/BudgetPlanningRouting.js","127","#/printDTICHeadsBudgetAllocation/:userId/:financialYearId/:quarterId","function(params){ return 'printDTICHeadsBudgetAllocation/' + params.userId + '/' + params.financialYearId + '/' + params.quarterId; },","PlanningController","/department/budget-planning/printDTICHeadsBudgetAllocation/:userId/:financialYearId/:quarterId","","Documented route missing from React","Not established; route match alone is insufficient"
"budgetPlanning","angular/budgetPlanning/BudgetPlanningRouting.js","134","#/dticDemandDetails","'dticDemandDetails',","PlanningController","/department/budget-planning/dticDemandDetails","","Documented route missing from React","Not established; route match alone is insufficient"
"budgetPlanning","angular/budgetPlanning/BudgetPlanningRouting.js","138","#/dticDemandDetails/:financialYearId","function(params){ return 'dticDemandDetails/' + params.financialYearId; },","PlanningController","/department/budget-planning/dticDemandDetails/:financialYearId","","Documented route missing from React","Not established; route match alone is insufficient"
"budgetPlanning","angular/budgetPlanning/BudgetPlanningRouting.js","142","#/viewDTICDemand/:dticDemandId","function(params){ return 'viewDTICDemand/' + params.dticDemandId; },","PlanningController","/department/budget-planning/viewDTICDemand/:dticDemandId","","Documented route missing from React","Not established; route match alone is insufficient"
"budgetPlanning","angular/budgetPlanning/BudgetPlanningRouting.js","146","#/printDTICDemand/:dticDemandId","function(params){ return 'printDTICDemand/' + params.dticDemandId; },","PlanningController","/department/budget-planning/printDTICDemand/:dticDemandId","","Documented route missing from React","Not established; route match alone is insufficient"
"budgetPlanning","angular/budgetPlanning/BudgetPlanningRouting.js","153","#/dticUsesSurrenderDetails","'dticUsesSurrenderDetails',","PlanningController","/department/budget-planning/dticUsesSurrenderDetails","","Documented route missing from React","Not established; route match alone is insufficient"
"budgetPlanning","angular/budgetPlanning/BudgetPlanningRouting.js","157","#/dticUsesSurrenderDetails/:financialYearId","function(params){ return 'dticUsesSurrenderDetails/' + params.financialYearId; },","PlanningController","/department/budget-planning/dticUsesSurrenderDetails/:financialYearId","","Documented route missing from React","Not established; route match alone is insufficient"
"budgetPlanning","angular/budgetPlanning/BudgetPlanningRouting.js","161","#/viewDTICUsesSurrenderDetails/:userId/:financialYearId/:quarterId","function(params){ return 'viewDTICUsesSurrenderDetails/' + params.userId  + '/' + params.financialYearId + '/' + params.quarterId; },","PlanningController","/department/budget-planning/viewDTICUsesSurrenderDetails/:userId/:financialYearId/:quarterId","","Documented route missing from React","Not established; route match alone is insufficient"
"budgetPlanning","angular/budgetPlanning/BudgetPlanningRouting.js","168","#/letterList","'letterList',","CommonController","/department/budget-planning/letterList","","Documented route missing from React","Not established; route match alone is insufficient"
"budgetPlanning","angular/budgetPlanning/BudgetPlanningRouting.js","172","#/viewLetter/:letterId","function(params){ return 'viewLetter/' + params.letterId; },","CommonController","/department/budget-planning/viewLetter/:letterId","","Documented route missing from React","Not established; route match alone is insufficient"
"budgetPlanning","angular/budgetPlanning/BudgetPlanningRouting.js","177","#/updateProcess/:letterId","function(params){ return 'updateProcess/' + params.letterId; },","CommonController","/department/budget-planning/updateProcess/:letterId","","Documented route missing from React","Not established; route match alone is insufficient"
"budgetPlanning","angular/budgetPlanning/BudgetPlanningRouting.js","181","#/loadHistory/:letterId","function(params){ return 'loadHistory/' + params.letterId; },","CommonController","/department/budget-planning/loadHistory/:letterId","","Documented route missing from React","Not established; route match alone is insufficient"
"cmcs","angular/cmcs/CmcsRouting.js","16","#/updateprofile","'updateprofile',","CommonController","/department/cmcs/profile","","Documented route missing from React","Not established; route match alone is insufficient"
"cmcs","angular/cmcs/CmcsRouting.js","20","#/changepassword","'changepassword',","CommonController","/department/cmcs/change-password","","Documented route missing from React","Not established; route match alone is insufficient"
"cmcs","angular/cmcs/CmcsRouting.js","24","#/firstPasswordChange","'firstPasswordChange',","CommonController","/department/cmcs/first-password-change","","Documented route missing from React","Not established; route match alone is insufficient"
"cmcs","angular/cmcs/CmcsRouting.js","28","#/success","'success'","","/department/cmcs/success","","Documented route missing from React","Not established; route match alone is insufficient"
"cmcs","angular/cmcs/CmcsRouting.js","33","#/dashboard","'dashboard',","CmcsController","/department/cmcs/dashboard","DepartmentDashboard","Static dashboard; reused for other routes","Not established; route match alone is insufficient"
"cmcs","angular/cmcs/CmcsRouting.js","37","#/createLetter","'createLetter',","CmcsController","/department/cmcs/createLetter","","Documented route missing from React","Not established; route match alone is insufficient"
"cmcs","angular/cmcs/CmcsRouting.js","41","#/cmcsLetterList","'cmcsLetterList',","CmcsController","/department/cmcs/cmcsLetterList","","Documented route missing from React","Not established; route match alone is insufficient"
"cmcs","angular/cmcs/CmcsRouting.js","45","#/viewLetter/:letterId","function(params){ return 'viewLetter/' + params.letterId; },","CmcsController","/department/cmcs/viewLetter/:letterId","","Documented route missing from React","Not established; route match alone is insufficient"
"cmcs","angular/cmcs/CmcsRouting.js","50","#/updateProcess/:letterId","function(params){ return 'updateProcess/' + params.letterId; },","CmcsController","/department/cmcs/updateProcess/:letterId","","Documented route missing from React","Not established; route match alone is insufficient"
"cmcs","angular/cmcs/CmcsRouting.js","54","#/loadHistory/:letterId","function(params){ return 'loadHistory/' + params.letterId; },","CmcsController","/department/cmcs/loadHistory/:letterId","","Documented route missing from React","Not established; route match alone is insufficient"
"collector","angular/collector/CollectorRouting.js","4","#/dashboard","'dashboard',","CollectorController","/department/collector/dashboard","DepartmentDashboard","Static dashboard; reused for other routes","Not established; route match alone is insufficient"
"collector","angular/collector/CollectorRouting.js","8","#/detail/:applicationNo","function(params) {","CollectorController","/department/collector/detail/:applicationNo","","Documented route missing from React","Not established; route match alone is insufficient"
"collector","angular/collector/CollectorRouting.js","14","#/esignApproval","'esignApproval',","CollectorController","/department/collector/esignApproval","","Documented route missing from React","Not established; route match alone is insufficient"
"collector","angular/collector/CollectorRouting.js","18","#/approved","'approved',","CollectorController","/department/collector/approved","","Documented route missing from React","Not established; route match alone is insufficient"
"collector","angular/collector/CollectorRouting.js","22","#/batches","'batches',","CollectorController","/department/collector/batches","","Documented route missing from React","Not established; route match alone is insufficient"
"collector","angular/collector/CollectorRouting.js","27","#/batchSign/:batchId","'batchSign',","CollectorController","/department/collector/batchSign/:batchId","","Documented route missing from React","Not established; route match alone is insufficient"
"collector","angular/collector/CollectorRouting.js","32","#/fa/viewfaapplicantdetailunitnew/:applicationId","'fa/viewfaapplicantdetailunitnew',","FaViewController","/department/collector/fa/viewfaapplicantdetailunitnew/:applicationId","","Documented route missing from React","Not established; route match alone is insufficient"
"collector","angular/collector/CollectorRouting.js","38","#/fa/viewfaapplicantHistory/:applicationId/:establishmentType","function(params) { return 'viewFaHistory/' + params.applicationId + '/' + params.establishmentType; },","FaViewController","/department/collector/fa/viewfaapplicantHistory/:applicationId/:establishmentType","","Documented route missing from React","Not established; route match alone is insufficient"
"common","angular/common/CommonRouting.js","5","#/letterList","'letterList',","CommonController","/common/letterList","","Documented route missing from React","Not established; route match alone is insufficient"
"common","angular/common/CommonRouting.js","9","#/viewLetter/:letterId","function(params){ return 'viewLetter/' + params.letterId; },","CommonController","/common/viewLetter/:letterId","","Documented route missing from React","Not established; route match alone is insufficient"
"common","angular/common/CommonRouting.js","14","#/updateProcess/:letterId","function(params){ return 'updateProcess/' + params.letterId; },","CommonController","/common/updateProcess/:letterId","","Documented route missing from React","Not established; route match alone is insufficient"
"common","angular/common/CommonRouting.js","18","#/loadHistory/:letterId","function(params){ return 'loadHistory/' + params.letterId; },","CommonController","/common/loadHistory/:letterId","","Documented route missing from React","Not established; route match alone is insufficient"
"common","angular/common/CommonRouting.js","24","#/success","'success'","","/common/success","","Documented route missing from React","Not established; route match alone is insufficient"
"coordination","angular/coordination/CoordinationRouting.js","15","#/updateprofile","'updateprofile',","CommonController","/department/coordination/profile","","Documented route missing from React","Not established; route match alone is insufficient"
"coordination","angular/coordination/CoordinationRouting.js","19","#/changepassword","'changepassword',","CommonController","/department/coordination/change-password","","Documented route missing from React","Not established; route match alone is insufficient"
"coordination","angular/coordination/CoordinationRouting.js","23","#/firstPasswordChange","'firstPasswordChange',","CommonController","/department/coordination/first-password-change","","Documented route missing from React","Not established; route match alone is insufficient"
"coordination","angular/coordination/CoordinationRouting.js","27","#/success","'success'","","/department/coordination/success","","Documented route missing from React","Not established; route match alone is insufficient"
"coordination","angular/coordination/CoordinationRouting.js","32","#/dashboard","'dashboard',","CoordinationController","/department/coordination/dashboard","DepartmentDashboard","Static dashboard; reused for other routes","Not established; route match alone is insufficient"
"coordination","angular/coordination/CoordinationRouting.js","36","#/officerDetails","'officerDetails',","CoordinationSectionController","/department/coordination/officerDetails","","Documented route missing from React","Not established; route match alone is insufficient"
"coordination","angular/coordination/CoordinationRouting.js","40","#/printOfficerList","'printOfficerList',","CoordinationSectionController","/department/coordination/printOfficerList","","Documented route missing from React","Not established; route match alone is insufficient"
"coordination","angular/coordination/CoordinationRouting.js","44","#/addNewOfficer","'addNewOfficer',","CoordinationSectionController","/department/coordination/addNewOfficer","","Documented route missing from React","Not established; route match alone is insufficient"
"coordination","angular/coordination/CoordinationRouting.js","48","#/viewOfficerDetails/:userId","function(params){ return 'viewOfficerDetails/' + params.userId; },","CoordinationSectionController","/department/coordination/viewOfficerDetails/:userId","","Documented route missing from React","Not established; route match alone is insufficient"
"coordination","angular/coordination/CoordinationRouting.js","52","#/printOfficerDetails/:userId","function(params){ return 'printOfficerDetails/' + params.userId; },","CoordinationSectionController","/department/coordination/printOfficerDetails/:userId","","Documented route missing from React","Not established; route match alone is insufficient"
"coordination","angular/coordination/CoordinationRouting.js","59","#/inspectionOfficeDetails","'inspectionOfficeDetails',","CoordinationSectionController","/department/coordination/inspectionOfficeDetails","","Documented route missing from React","Not established; route match alone is insufficient"
"coordination","angular/coordination/CoordinationRouting.js","63","#/inspectionOfficeDetails/:financialYearId","function(params){ return 'inspectionOfficeDetails/' + params.financialYearId; },","CoordinationSectionController","/department/coordination/inspectionOfficeDetails/:financialYearId","","Documented route missing from React","Not established; route match alone is insufficient"
"coordination","angular/coordination/CoordinationRouting.js","67","#/addNewInspectionOffice/:financialYearId","function(params){ return 'addNewInspectionOffice/' + params.financialYearId; },","CoordinationSectionController","/department/coordination/addNewInspectionOffice/:financialYearId","","Documented route missing from React","Not established; route match alone is insufficient"
"coordination","angular/coordination/CoordinationRouting.js","71","#/viewInspectionOffice/:inspectionOfficeId","function(params){ return 'viewInspectionOffice/' + params.inspectionOfficeId; },","CoordinationSectionController","/department/coordination/viewInspectionOffice/:inspectionOfficeId","","Documented route missing from React","Not established; route match alone is insufficient"
"coordination","angular/coordination/CoordinationRouting.js","75","#/printInspectionOffice/:inspectionOfficeId","function(params){ return 'printInspectionOffice/' + params.inspectionOfficeId; },","CoordinationSectionController","/department/coordination/printInspectionOffice/:inspectionOfficeId","","Documented route missing from React","Not established; route match alone is insufficient"
"coordination","angular/coordination/CoordinationRouting.js","80","#/printInspectionOfficesList/:financialYearId","function(params){ return 'printInspectionOfficesList/' + params.financialYearId; },","CoordinationSectionController","/department/coordination/printInspectionOfficesList/:financialYearId","","Documented route missing from React","Not established; route match alone is insufficient"
"coordination","angular/coordination/CoordinationRouting.js","87","#/inspectionDetails","'inspectionDetails',","CoordinationSectionController","/department/coordination/inspectionDetails","","Documented route missing from React","Not established; route match alone is insufficient"
"coordination","angular/coordination/CoordinationRouting.js","91","#/inspectionDetails/:financialYearId","function(params){ return 'inspectionDetails/' + params.financialYearId; },","CoordinationSectionController","/department/coordination/inspectionDetails/:financialYearId","","Documented route missing from React","Not established; route match alone is insufficient"
"coordination","angular/coordination/CoordinationRouting.js","95","#/viewInspectionDetails/:inspectionOfficeId","function(params){ return 'viewInspectionDetails/' + params.inspectionOfficeId; },","CoordinationSectionController","/department/coordination/viewInspectionDetails/:inspectionOfficeId","","Documented route missing from React","Not established; route match alone is insufficient"
"coordination","angular/coordination/CoordinationRouting.js","99","#/printInspectionDetails/:inspectionOfficeId","function(params){ return 'printInspectionDetails/' + params.inspectionOfficeId; },","CoordinationSectionController","/department/coordination/printInspectionDetails/:inspectionOfficeId","","Documented route missing from React","Not established; route match alone is insufficient"
"coordination","angular/coordination/CoordinationRouting.js","104","#/printInspectionsList/:financialYearId","function(params){ return 'printInspectionsList/' + params.financialYearId; },","CoordinationSectionController","/department/coordination/printInspectionsList/:financialYearId","","Documented route missing from React","Not established; route match alone is insufficient"
"coordination","angular/coordination/CoordinationRouting.js","109","#/printInspectionRoster/:inspectionOfficeId","function(params){ return 'printInspectionRoster/' + params.inspectionOfficeId; },","CoordinationSectionController","/department/coordination/printInspectionRoster/:inspectionOfficeId","","Documented route missing from React","Not established; route match alone is insufficient"
"coordination","angular/coordination/CoordinationRouting.js","115","#/officerInspectionDetails","'officerInspectionDetails',","CoordinationOfficerSectionController","/department/coordination/officerInspectionDetails","","Documented route missing from React","Not established; route match alone is insufficient"
"coordination","angular/coordination/CoordinationRouting.js","119","#/officerInspectionDetails/:financialYearId","function(params){ return 'officerInspectionDetails/' + params.financialYearId; },","CoordinationOfficerSectionController","/department/coordination/officerInspectionDetails/:financialYearId","","Documented route missing from React","Not established; route match alone is insufficient"
"coordination","angular/coordination/CoordinationRouting.js","123","#/viewOfficerInspectionDetails/:inspectionOfficeId","function(params){ return 'viewOfficerInspectionDetails/' + params.inspectionOfficeId; },","CoordinationOfficerSectionController","/department/coordination/viewOfficerInspectionDetails/:inspectionOfficeId","","Documented route missing from React","Not established; route match alone is insufficient"
"coordination","angular/coordination/CoordinationRouting.js","127","#/viewInspectionRoster/:inspectionOfficeId","function(params){ return 'viewInspectionRoster/' + params.inspectionOfficeId; },","CoordinationOfficerSectionController","/department/coordination/viewInspectionRoster/:inspectionOfficeId","","Documented route missing from React","Not established; route match alone is insufficient"
"coordination","angular/coordination/CoordinationRouting.js","131","#/printInspectionRoster/:inspectionOfficeId","function(params){ return 'printInspectionRoster/' + params.inspectionOfficeId; },","CoordinationOfficerSectionController","/department/coordination/printInspectionRoster/:inspectionOfficeId","","Documented route missing from React","Not established; route match alone is insufficient"
"coordination","angular/coordination/CoordinationRouting.js","136","#/officerUploadRoster/:inspectionOfficeId","function(params){ return 'officerUploadRoster/' + params.inspectionOfficeId; },","CoordinationOfficerSectionController","/department/coordination/officerUploadRoster/:inspectionOfficeId","","Documented route missing from React","Not established; route match alone is insufficient"
"coordination","angular/coordination/CoordinationRouting.js","142","#/ddInspectionDetails","'ddInspectionDetails',","CoordinationDDController","/department/coordination/ddInspectionDetails","","Documented route missing from React","Not established; route match alone is insufficient"
"coordination","angular/coordination/CoordinationRouting.js","146","#/ddInspectionDetails/:financialYearId","function(params){ return 'ddInspectionDetails/' + params.financialYearId; },","CoordinationDDController","/department/coordination/ddInspectionDetails/:financialYearId","","Documented route missing from React","Not established; route match alone is insufficient"
"coordination","angular/coordination/CoordinationRouting.js","150","#/ddViewInspectionDetails/:inspectionOfficeId","function(params){ return 'ddViewInspectionDetails/' + params.inspectionOfficeId; },","CoordinationDDController","/department/coordination/ddViewInspectionDetails/:inspectionOfficeId","","Documented route missing from React","Not established; route match alone is insufficient"
"coordination","angular/coordination/CoordinationRouting.js","154","#/ddPrintInspectionRoster/:inspectionOfficeId","function(params){ return 'printInspectionRoster/' + params.inspectionOfficeId; },","CoordinationDDController","/department/coordination/ddPrintInspectionRoster/:inspectionOfficeId","","Documented route missing from React","Not established; route match alone is insufficient"
"coordination","angular/coordination/CoordinationRouting.js","160","#/jdInspectionDetails","'jdInspectionDetails',","CoordinationJDController","/department/coordination/jdInspectionDetails","","Documented route missing from React","Not established; route match alone is insufficient"
"coordination","angular/coordination/CoordinationRouting.js","164","#/jdInspectionDetails/:financialYearId","function(params){ return 'jdInspectionDetails/' + params.financialYearId; },","CoordinationJDController","/department/coordination/jdInspectionDetails/:financialYearId","","Documented route missing from React","Not established; route match alone is insufficient"
"coordination","angular/coordination/CoordinationRouting.js","168","#/jdViewInspectionDetails/:inspectionOfficeId","function(params){ return 'jdViewInspectionDetails/' + params.inspectionOfficeId; },","CoordinationJDController","/department/coordination/jdViewInspectionDetails/:inspectionOfficeId","","Documented route missing from React","Not established; route match alone is insufficient"
"coordination","angular/coordination/CoordinationRouting.js","172","#/jdPrintInspectionRoster/:inspectionOfficeId","function(params){ return 'printInspectionRoster/' + params.inspectionOfficeId; },","CoordinationJDController","/department/coordination/jdPrintInspectionRoster/:inspectionOfficeId","","Documented route missing from React","Not established; route match alone is insufficient"
"coordination","angular/coordination/CoordinationRouting.js","179","#/letterList","'letterList',","CommonController","/department/coordination/letterList","","Documented route missing from React","Not established; route match alone is insufficient"
"coordination","angular/coordination/CoordinationRouting.js","183","#/viewLetter/:letterId","function(params){ return 'viewLetter/' + params.letterId; },","CommonController","/department/coordination/viewLetter/:letterId","","Documented route missing from React","Not established; route match alone is insufficient"
"coordination","angular/coordination/CoordinationRouting.js","188","#/updateProcess/:letterId","function(params){ return 'updateProcess/' + params.letterId; },","CommonController","/department/coordination/updateProcess/:letterId","","Documented route missing from React","Not established; route match alone is insufficient"
"coordination","angular/coordination/CoordinationRouting.js","192","#/loadHistory/:letterId","function(params){ return 'loadHistory/' + params.letterId; },","CommonController","/department/coordination/loadHistory/:letterId","","Documented route missing from React","Not established; route match alone is insufficient"
"dtfc","angular/dtfc/routing.js","16","#/updateprofile","'updateprofile',","CommonController","/department/dtfc/profile","","Documented route missing from React","Not established; route match alone is insufficient"
"dtfc","angular/dtfc/routing.js","20","#/changepassword","'changepassword',","CommonController","/department/dtfc/change-password","","Documented route missing from React","Not established; route match alone is insufficient"
"dtfc","angular/dtfc/routing.js","24","#/firstPasswordChange","'firstPasswordChange',","CommonController","/department/dtfc/first-password-change","","Documented route missing from React","Not established; route match alone is insufficient"
"dtfc","angular/dtfc/routing.js","28","#/success","'success'","","/department/dtfc/success","","Documented route missing from React","Not established; route match alone is insufficient"
"dtfc","angular/dtfc/routing.js","33","#/dashboard","'dashboard'","","/department/dtfc/dashboard","DepartmentDashboard","Static dashboard; reused for other routes","Not established; route match alone is insufficient"
"dtfc","angular/dtfc/routing.js","36","#/dtfcpendingapplicants","'dtfcpendingapplicants',","DTFCSelfEmploymentController","/department/dtfc/dtfcpendingapplicants","","Documented route missing from React","Not established; route match alone is insufficient"
"dtfc","angular/dtfc/routing.js","40","#/viewapplicantdetail/:applicantId","'viewapplicantdetail',","DTFCSelfEmploymentController","/department/dtfc/viewapplicantdetail/:applicantId","","Documented route missing from React","Not established; route match alone is insufficient"
"dtfc","angular/dtfc/routing.js","44","#/viewdocumentdetail/:applicantId","function(params){ return 'viewdocumentdetail/' + params.applicantId; },","DTFCSelfEmploymentController","/department/dtfc/viewdocumentdetail/:applicantId","","Documented route missing from React","Not established; route match alone is insufficient"
"dtfc","angular/dtfc/routing.js","48","#/viewschemedetailform/:applicantId","function(params){ return 'viewschemedetailform/' + params.applicantId; },","DTFCSelfEmploymentController","/department/dtfc/viewschemedetailform/:applicantId","","Documented route missing from React","Not established; route match alone is insufficient"
"dtfc","angular/dtfc/routing.js","52","#/viewprojectreportform/:applicantId","function(params){ return 'viewprojectreportform/' + params.applicantId; },","DTFCSelfEmploymentController","/department/dtfc/viewprojectreportform/:applicantId","","Documented route missing from React","Not established; route match alone is insufficient"
"dtfc","angular/dtfc/routing.js","56","#/dtfcpendingyuvaudhami","'dtfcpendingyuvaudhami',","DTFCSelfEmploymentController","/department/dtfc/dtfcpendingyuvaudhami","","Documented route missing from React","Not established; route match alone is insufficient"
"dtfc","angular/dtfc/routing.js","60","#/dtfcinprocessapplicants","'dtfcinprocessapplicants',","DTFCSelfEmploymentController","/department/dtfc/dtfcinprocessapplicants","","Documented route missing from React","Not established; route match alone is insufficient"
"dtfc","angular/dtfc/routing.js","64","#/dtfcinprocessyuvaudhami","'dtfcinprocessyuvaudhami',","DTFCSelfEmploymentController","/department/dtfc/dtfcinprocessyuvaudhami","","Documented route missing from React","Not established; route match alone is insufficient"
"dtfc","angular/dtfc/routing.js","68","#/bankacceptedapplicants","'bankacceptedapplicants',","DTFCSelfEmploymentController","/department/dtfc/bankacceptedapplicants","","Documented route missing from React","Not established; route match alone is insufficient"
"dtfc","angular/dtfc/routing.js","72","#/viewmarginmoneycommentlist/:applicantId","function(params){ return 'viewmarginmoneycommentlist/' + params.applicantId; },","DTFCSelfEmploymentController","/department/dtfc/viewmarginmoneycommentlist/:applicantId","","Documented route missing from React","Not established; route match alone is insufficient"
"dtfc","angular/dtfc/routing.js","76","#/viewmarginmoneycommentform/:applicantId","function(params){ return 'viewmarginmoneycommentform/' + params.applicantId; },","DTFCSelfEmploymentController","/department/dtfc/viewmarginmoneycommentform/:applicantId","","Documented route missing from React","Not established; route match alone is insufficient"
"dtfc","angular/dtfc/routing.js","80","#/bankacceptedyuvaudhami","'bankacceptedyuvaudhami',","DTFCSelfEmploymentController","/department/dtfc/bankacceptedyuvaudhami","","Documented route missing from React","Not established; route match alone is insufficient"
"dtfc","angular/dtfc/routing.js","85","#/letterList","'letterList',","CommonController","/department/dtfc/letterList","","Documented route missing from React","Not established; route match alone is insufficient"
"dtfc","angular/dtfc/routing.js","89","#/viewLetter/:letterId","function(params){ return 'viewLetter/' + params.letterId; },","CommonController","/department/dtfc/viewLetter/:letterId","","Documented route missing from React","Not established; route match alone is insufficient"
"dtfc","angular/dtfc/routing.js","93","#/updateProcess/:letterId","function(params){ return 'updateProcess/' + params.letterId; },","CommonController","/department/dtfc/updateProcess/:letterId","","Documented route missing from React","Not established; route match alone is insufficient"
"dtfc","angular/dtfc/routing.js","97","#/loadHistory/:letterId","function(params){ return 'loadHistory/' + params.letterId; },","CommonController","/department/dtfc/loadHistory/:letterId","","Documented route missing from React","Not established; route match alone is insufficient"
"dtic","angular/dtic/routing.js","16","#/updateprofile","'updateprofile',","CommonController","/department/dtic/profile","","Documented route missing from React","Not established; route match alone is insufficient"
"dtic","angular/dtic/routing.js","20","#/changepassword","'changepassword',","CommonController","/department/dtic/change-password","","Documented route missing from React","Not established; route match alone is insufficient"
"dtic","angular/dtic/routing.js","24","#/firstPasswordChange","'firstPasswordChange',","CommonController","/department/dtic/first-password-change","","Documented route missing from React","Not established; route match alone is insufficient"
"dtic","angular/dtic/routing.js","28","#/success","'success'","","/department/dtic/success","","Documented route missing from React","Not established; route match alone is insufficient"
"dtic","angular/dtic/routing.js","32","#/dashboard","'dashboard',","DTICSelfEmploymentController","/department/dtic/dashboard","DepartmentDashboard","Static dashboard; reused for other routes","Not established; route match alone is insufficient"
"dtic","angular/dtic/routing.js","36","#/viewtotalapplications","'viewtotalapplications',","DTICSelfEmploymentController","/department/dtic/viewtotalapplications","","Documented route missing from React","Not established; route match alone is insufficient"
"dtic","angular/dtic/routing.js","40","#/viewnewapplications","'viewnewapplications',","DTICSelfEmploymentController","/department/dtic/viewnewapplications","","Documented route missing from React","Not established; route match alone is insufficient"
"dtic","angular/dtic/routing.js","45","#/supplierInfo","'supplierInfo',","DTICIDController","/department/dtic/supplierInfo","","Documented route missing from React","Not established; route match alone is insufficient"
"dtic","angular/dtic/routing.js","49","#/viewsendbackapplications","'viewsendbackapplications',","DTICSelfEmploymentController","/department/dtic/viewsendbackapplications","","Documented route missing from React","Not established; route match alone is insufficient"
"dtic","angular/dtic/routing.js","53","#/viewresubmittedapplications","'viewresubmittedapplications',","DTICSelfEmploymentController","/department/dtic/viewresubmittedapplications","","Documented route missing from React","Not established; route match alone is insufficient"
"dtic","angular/dtic/routing.js","57","#/viewapplicationsacceptedbydtic","'viewapplicationsacceptedbydtic',","DTICSelfEmploymentController","/department/dtic/viewapplicationsacceptedbydtic","","Documented route missing from React","Not established; route match alone is insufficient"
"dtic","angular/dtic/routing.js","61","#/viewapplicationsrejectedbydtic","'viewapplicationsrejectedbydtic',","DTICSelfEmploymentController","/department/dtic/viewapplicationsrejectedbydtic","","Documented route missing from React","Not established; route match alone is insufficient"
"dtic","angular/dtic/routing.js","65","#/viewapplicationsacceptedbydtfc","'viewapplicationsacceptedbydtfc',","DTICSelfEmploymentController","/department/dtic/viewapplicationsacceptedbydtfc","","Documented route missing from React","Not established; route match alone is insufficient"
"dtic","angular/dtic/routing.js","69","#/viewapplicationsrejectedbydtfc","'viewapplicationsrejectedbydtfc',","DTICSelfEmploymentController","/department/dtic/viewapplicationsrejectedbydtfc","","Documented route missing from React","Not established; route match alone is insufficient"
"dtic","angular/dtic/routing.js","73","#/viewapplicationsacceptedbybank","'viewapplicationsacceptedbybank',","DTICSelfEmploymentController","/department/dtic/viewapplicationsacceptedbybank","","Documented route missing from React","Not established; route match alone is insufficient"
"dtic","angular/dtic/routing.js","77","#/viewapplicationsrejectedbybank","'viewapplicationsrejectedbybank',","DTICSelfEmploymentController","/department/dtic/viewapplicationsrejectedbybank","","Documented route missing from React","Not established; route match alone is insufficient"
"dtic","angular/dtic/routing.js","81","#/dticpendingapplicants","'dticpendingapplicants',","DTICSelfEmploymentController","/department/dtic/dticpendingapplicants","","Documented route missing from React","Not established; route match alone is insufficient"
"dtic","angular/dtic/routing.js","85","#/viewapplicantdetail/:applicantId","'viewapplicantdetail',","DTICSelfEmploymentController","/department/dtic/viewapplicantdetail/:applicantId","","Documented route missing from React","Not established; route match alone is insufficient"
"dtic","angular/dtic/routing.js","89","#/viewyuapplicantdetail/:applicantId","'viewyuapplicantdetail',","DTICSelfEmploymentController","/department/dtic/viewyuapplicantdetail/:applicantId","","Documented route missing from React","Not established; route match alone is insufficient"
"dtic","angular/dtic/routing.js","93","#/viewdocumentdetail/:applicantId","function(params) { return 'viewdocumentdetail/' + params.applicantId; },","DTICSelfEmploymentController","/department/dtic/viewdocumentdetail/:applicantId","","Documented route missing from React","Not established; route match alone is insufficient"
"dtic","angular/dtic/routing.js","97","#/viewyudocumentdetail/:applicantId","function(params) { return 'viewyudocumentdetail/' + params.applicantId; },","DTICSelfEmploymentController","/department/dtic/viewyudocumentdetail/:applicantId","","Documented route missing from React","Not established; route match alone is insufficient"
"dtic","angular/dtic/routing.js","101","#/viewschemedetailform/:applicantId","function(params) { return 'viewschemedetailform/' + params.applicantId; },","DTICSelfEmploymentController","/department/dtic/viewschemedetailform/:applicantId","","Documented route missing from React","Not established; route match alone is insufficient"
"dtic","angular/dtic/routing.js","105","#/viewprojectreportform/:applicantId","function(params) { return 'viewprojectreportform/' + params.applicantId; },","DTICSelfEmploymentController","/department/dtic/viewprojectreportform/:applicantId","","Documented route missing from React","Not established; route match alone is insufficient"
"dtic","angular/dtic/routing.js","109","#/viewyuprojectreportform/:applicantId","function(params) { return 'viewyuprojectreportform/' + params.applicantId; },","DTICSelfEmploymentController","/department/dtic/viewyuprojectreportform/:applicantId","","Documented route missing from React","Not established; route match alone is insufficient"
"dtic","angular/dtic/routing.js","113","#/dticpendingyuvaudhami","'dticpendingyuvaudhami',","DTICSelfEmploymentController","/department/dtic/dticpendingyuvaudhami","","Documented route missing from React","Not established; route match alone is insufficient"
"dtic","angular/dtic/routing.js","117","#/dticinprocessapplicants","'dticinprocessapplicants',","DTICSelfEmploymentController","/department/dtic/dticinprocessapplicants","","Documented route missing from React","Not established; route match alone is insufficient"
"dtic","angular/dtic/routing.js","121","#/dticinprocessyuvaudhami","'dticinprocessyuvaudhami',","DTICSelfEmploymentController","/department/dtic/dticinprocessyuvaudhami","","Documented route missing from React","Not established; route match alone is insufficient"
"dtic","angular/dtic/routing.js","125","#/dticresubmittedapplicants","'dticresubmittedapplicants',","DTICSelfEmploymentController","/department/dtic/dticresubmittedapplicants","","Documented route missing from React","Not established; route match alone is insufficient"
"dtic","angular/dtic/routing.js","129","#/dticresubmittedyuvaudhami","'dticresubmittedyuvaudhami',","DTICSelfEmploymentController","/department/dtic/dticresubmittedyuvaudhami","","Documented route missing from React","Not established; route match alone is insufficient"
"dtic","angular/dtic/routing.js","133","#/viewtfcletterform/:schemeType","function(params) { return 'viewtfcletterform/' + params.schemeType; },","DTICSelfEmploymentController","/department/dtic/viewtfcletterform/:schemeType","","Documented route missing from React","Not established; route match alone is insufficient"
"dtic","angular/dtic/routing.js","137","#/viewapplicationlist","'viewapplicationlist',","DTICMSMEController","/department/dtic/viewapplicationlist","","Documented route missing from React","Not established; route match alone is insufficient"
"dtic","angular/dtic/routing.js","141","#/viewmsmedetail/:msmeDetailId","function(params) { return 'viewmsmedetail/' + params.msmeDetailId; },","DTICMSMEController","/department/dtic/viewmsmedetail/:msmeDetailId","","Documented route missing from React","Not established; route match alone is insufficient"
"dtic","angular/dtic/routing.js","146","#/viewmsmeform","'viewmsmeform',","DTICMSMEController","/department/dtic/viewmsmeform","","Documented route missing from React","Not established; route match alone is insufficient"
"dtic","angular/dtic/routing.js","151","#/serviceenterprisereportform","'serviceenterprisereportform',","DTICMSMEController","/department/dtic/serviceenterprisereportform","","Documented route missing from React","Not established; route match alone is insufficient"
"dtic","angular/dtic/routing.js","155","#/manufacturingenterprisereportform","'manufacturingenterprisereportform',","DTICMSMEController","/department/dtic/manufacturingenterprisereportform","","Documented route missing from React","Not established; route match alone is insufficient"
"dtic","angular/dtic/routing.js","159","#/microlevelreportform","'microlevelreportform',","DTICMSMEController","/department/dtic/microlevelreportform","","Documented route missing from React","Not established; route match alone is insufficient"
"dtic","angular/dtic/routing.js","163","#/smalllevelreportform","'smalllevelreportform',","DTICMSMEController","/department/dtic/smalllevelreportform","","Documented route missing from React","Not established; route match alone is insufficient"
"dtic","angular/dtic/routing.js","167","#/mediumlevelreportform","'mediumlevelreportform',","DTICMSMEController","/department/dtic/mediumlevelreportform","","Documented route missing from React","Not established; route match alone is insufficient"
"dtic","angular/dtic/routing.js","171","#/viewmsmeeditform/:msmeDetailId","function(params) { return 'viewmsmeeditform/' + params.msmeDetailId; },","DTICMSMEController","/department/dtic/viewmsmeeditform/:msmeDetailId","","Documented route missing from React","Not established; route match alone is insufficient"
"dtic","angular/dtic/routing.js","175","#/dticfapendingapplicantsunit","'dticfapendingapplicantsunit',","DTICFAController","/department/dtic/dticfapendingapplicantsunit","","Documented route missing from React","Not established; route match alone is insufficient"
"dtic","angular/dtic/routing.js","179","#/powerBiDashbord","'powerBiDashbord',","IDTICFAController","/department/dtic/powerBiDashbord","","Documented route missing from React","Not established; route match alone is insufficient"
"dtic","angular/dtic/routing.js","183","#/fa/viewfaapplicantHistory/:applicationId/:establishmentType","function(params) { return 'viewFaHistory/' + params.applicationId + '/' + params.establishmentType; },","DTICFAController","/department/dtic/fa/viewfaapplicantHistory/:applicationId/:establishmentType","","Documented route missing from React","Not established; route match alone is insufficient"
"dtic","angular/dtic/routing.js","191","#/dticfapendingapplicantsapparel","'dticfapendingapplicantsapparel',","DTICFAController","/department/dtic/dticfapendingapplicantsapparel","","Documented route missing from React","Not established; route match alone is insufficient"
"dtic","angular/dtic/routing.js","195","#/dticfapendingapplicants","'dticfapendingapplicants',","DTICFAController","/department/dtic/dticfapendingapplicants","","Documented route missing from React","Not established; route match alone is insufficient"
"dtic","angular/dtic/routing.js","199","#/faacceptanceamountdetailapparel/:applicationId","function(params) { return 'faacceptanceamountdetailapparel/' + params.applicationId; },","DTICFAController","/department/dtic/faacceptanceamountdetailapparel/:applicationId","","Documented route missing from React","Not established; route match alone is insufficient"
"dtic","angular/dtic/routing.js","203","#/faacceptanceamountdetailunit/:applicationId/:establishmentType","function(params) { return 'faacceptanceamountdetailunit/' + params.applicationId + '/' + params.establishmentType; },","DTICFAController","/department/dtic/faacceptanceamountdetailunit/:applicationId/:establishmentType","","Documented route missing from React","Not established; route match alone is insufficient"
"dtic","angular/dtic/routing.js","208","#/viewfaacceptanceamountdetailunit/:applicationId/:establishmentType","function(params) { return 'viewfaacceptanceamountdetailunit/' + params.applicationId + '/' + params.establishmentType; },","DTICFAController","/department/dtic/viewfaacceptanceamountdetailunit/:applicationId/:establishmentType","","Documented route missing from React","Not established; route match alone is insufficient"
"dtic","angular/dtic/routing.js","213","#/fazonalacceptanceamountdetail/:applicationId","function(params) { return 'fazonalacceptanceamountdetail/' + params.applicationId; },","DTICFAController","/department/dtic/fazonalacceptanceamountdetail/:applicationId","","Documented route missing from React","Not established; route match alone is insufficient"
"dtic","angular/dtic/routing.js","218","#/faInspectionStatusUnit/:applicationId/:establishmentType","function(params) { return 'faInspectionStatusUnit/' + params.applicationId + '/' + params.establishmentType; },","DTICFAController","/department/dtic/faInspectionStatusUnit/:applicationId/:establishmentType","","Documented route missing from React","Not established; route match alone is insufficient"
"dtic","angular/dtic/routing.js","224","#/querybydtic/:applicationId/:establishmentType","function(params) { return 'querybydtic/' + params.applicationId + '/' + params.establishmentType; },","DTICFAController","/department/dtic/querybydtic/:applicationId/:establishmentType","","Documented route missing from React","Not established; route match alone is insufficient"
"dtic","angular/dtic/routing.js","231","#/faCommitteeStatusUnit/:applicationId/:establishmentType","function(params) { return 'faCommitteeStatusUnit/' + params.applicationId + '/' + params.establishmentType; },","DTICFAController","/department/dtic/faCommitteeStatusUnit/:applicationId/:establishmentType","","Documented route missing from React","Not established; route match alone is insufficient"
"dtic","angular/dtic/routing.js","236","#/viewfaCommitteeStatusUnit/:applicationId/:establishmentType","function(params) { return 'viewfaCommitteeStatusUnit/' + params.applicationId + '/' + params.establishmentType; },","DTICFAController","/department/dtic/viewfaCommitteeStatusUnit/:applicationId/:establishmentType","","Documented route missing from React","Not established; route match alone is insufficient"
"dtic","angular/dtic/routing.js","241","#/faCommitteesStatusUnit/:applicationIds/:establishmentType","function(params) { return 'faCommitteesStatusUnit/' + params.applicationIds + '/' + params.establishmentType; },","DTICFAController","/department/dtic/faCommitteesStatusUnit/:applicationIds/:establishmentType","","Documented route missing from React","Not established; route match alone is insufficient"
"dtic","angular/dtic/routing.js","246","#/faDisbursementUnit/:applicationId/:establishmentType","function(params) { return 'faDisbursementUnit/' + params.applicationId + '/' + params.establishmentType; },","DTICFAController","/department/dtic/faDisbursementUnit/:applicationId/:establishmentType","","Documented route missing from React","Not established; route match alone is insufficient"
"dtic","angular/dtic/routing.js","251","#/faOtherUploadDocuments/:applicationId/:establishmentType","function(params) { return 'faOtherUploadDocuments/' + params.applicationId + '/' + params.establishmentType; },","DTICFAController","/department/dtic/faOtherUploadDocuments/:applicationId/:establishmentType","","Documented route missing from React","Not established; route match alone is insufficient"
"dtic","angular/dtic/routing.js","256","#/viewfaDisbursementUnit/:applicationId/:establishmentType","function(params) { return 'viewfaDisbursementUnit/' + params.applicationId + '/' + params.establishmentType; },","DTICFAController","/department/dtic/viewfaDisbursementUnit/:applicationId/:establishmentType","","Documented route missing from React","Not established; route match alone is insufficient"
"dtic","angular/dtic/routing.js","261","#/viewdownloadfaacceptanceform/:applicationId/:establishmentType","function(params) { return 'viewdownloadfaacceptanceform/' + params.applicationId + '/' + params.establishmentType; },","DTICFAController","/department/dtic/viewdownloadfaacceptanceform/:applicationId/:establishmentType","","Documented route missing from React","Not established; route match alone is insufficient"
"dtic","angular/dtic/routing.js","265","#/viewdownloadfazonalacceptanceform/:applicationId","function(params) { return 'viewdownloadfazonalacceptanceform/' + params.applicationId; },","DTICFAController","/department/dtic/viewdownloadfazonalacceptanceform/:applicationId","","Documented route missing from React","Not established; route match alone is insufficient"
"dtic","angular/dtic/routing.js","271","#/fa/viewfaschemesdetailsunit/:applicationId","function(params) { return 'fa/viewfaschemesdetailsunit/' + params.applicationId; },","DTICFAController","/department/dtic/fa/viewfaschemesdetailsunit/:applicationId","","Documented route missing from React","Not established; route match alone is insufficient"
"dtic","angular/dtic/routing.js","275","#/fa/viewfaschemesdetailsapparel/:applicationId","function(params) { return 'fa/viewfaschemesdetailsapparel/' + params.applicationId; },","DTICFAController","/department/dtic/fa/viewfaschemesdetailsapparel/:applicationId","","Documented route missing from React","Not established; route match alone is insufficient"
"dtic","angular/dtic/routing.js","279","#/fa/fetchfaschemes/:applicationId","function(params) { return 'fa/fetchfaschemes/' + params.applicationId; },","DTICFAController","/department/dtic/fa/fetchfaschemes/:applicationId","","Documented route missing from React","Not established; route match alone is insufficient"
"dtic","angular/dtic/routing.js","283","#/fa/viewfadocumentsuploadunit/:applicationId","function(params) { return 'fa/viewfadocumentsuploadunit/' + params.applicationId; },","DTICFAController","/department/dtic/fa/viewfadocumentsuploadunit/:applicationId","","Documented route missing from React","Not established; route match alone is insufficient"
"dtic","angular/dtic/routing.js","287","#/fa/viewfadocumentsuploadapparel/:applicationId","function(params) { return 'fa/viewfadocumentsuploadapparel/' + params.applicationId; },","DTICFAController","/department/dtic/fa/viewfadocumentsuploadapparel/:applicationId","","Documented route missing from React","Not established; route match alone is insufficient"
"dtic","angular/dtic/routing.js","291","#/fa/viewfaapplicantdetailunit/:applicationId","'fa/viewfaapplicantdetailunit/',","DTICFAController","/department/dtic/fa/viewfaapplicantdetailunit/:applicationId","","Documented route missing from React","Not established; route match alone is insufficient"
"dtic","angular/dtic/routing.js","295","#/fa/viewfaapplicantdetailunitnew/:applicationId","'fa/viewfaapplicantdetailunitnew/',","DTICFAController","/department/dtic/fa/viewfaapplicantdetailunitnew/:applicationId","","Documented route missing from React","Not established; route match alone is insufficient"
"dtic","angular/dtic/routing.js","300","#/fa/viewfaapplicantdetailapparel/:applicationId","'fa/viewfaapplicantdetailapparel/',","DTICFAController","/department/dtic/fa/viewfaapplicantdetailapparel/:applicationId","","Documented route missing from React","Not established; route match alone is insufficient"
"dtic","angular/dtic/routing.js","304","#/fa/viewfaapplicantdetailapparelnew/:applicationId","'fa/viewfaapplicantdetailapparelnew/',","DTICFAController","/department/dtic/fa/viewfaapplicantdetailapparelnew/:applicationId","","Documented route missing from React","Not established; route match alone is insufficient"
"dtic","angular/dtic/routing.js","309","#/fa/newapplicantform","'fa/newapplicantform',","DTICFAController","/department/dtic/fa/newapplicantform","","Documented route missing from React","Not established; route match alone is insufficient"
"dtic","angular/dtic/routing.js","313","#/fa/newapplicantformapparel","'fa/newapplicantformapparel',","DTICFAController","/department/dtic/fa/newapplicantformapparel","","Documented route missing from React","Not established; route match alone is insufficient"
"dtic","angular/dtic/routing.js","321","#/id/viewDocumentsUpload/:applicantId/:vacantLandId","function(params) { return 'id/viewDocumentsUpload/' + params.applicantId + '/' + params.vacantLandId; },","DTICIDController","/department/dtic/id/viewDocumentsUpload/:applicantId/:vacantLandId","","Documented route missing from React","Not established; route match alone is insufficient"
"dtic","angular/dtic/routing.js","325","#/dticLandAllotment","'dticLandAllotment',","DTICIDController","/department/dtic/dticLandAllotment","","Documented route missing from React","Not established; route match alone is insufficient"
"dtic","angular/dtic/routing.js","329","#/eSingAOLetter","'eSingAOLetter',","DTICIDController","/department/dtic/eSingAOLetter","","Documented route missing from React","Not established; route match alone is insufficient"
"dtic","angular/dtic/routing.js","333","#/legacyData","'legacyData',","DTICIDController","/department/dtic/legacyData","","Documented route missing from React","Not established; route match alone is insufficient"
"dtic","angular/dtic/routing.js","337","#/entervacantland","'entervacantLand',","DTICIDController","/department/dtic/entervacantland","","Documented route missing from React","Not established; route match alone is insufficient"
"dtic","angular/dtic/routing.js","341","#/id/viewAppliedApplicants/:vacantLandId","function(params) { return 'viewAppliedApplicants/' + params.vacantLandId; },","DTICIDController","/department/dtic/id/viewAppliedApplicants/:vacantLandId","","Documented route missing from React","Not established; route match alone is insufficient"
"dtic","angular/dtic/routing.js","345","#/eSingAOLetter/:applicantId","function(params) { return 'eSingAOLetter/' + params.applicantId; },","DTICIDController","/department/dtic/eSingAOLetter/:applicantId","","Documented route missing from React","Not established; route match alone is insufficient"
"dtic","angular/dtic/routing.js","349","#/tenderDetails/:vacantLandId","function(params) { return 'tenderDetails/' + params.vacantLandId; },","DTICIDController","/department/dtic/tenderDetails/:vacantLandId","","Documented route missing from React","Not established; route match alone is insufficient"
"dtic","angular/dtic/routing.js","352","#/openGroupLOI/:applicantId","function(params) { return 'groupLoi/' + params.applicantId; },","DTICIDController","/department/dtic/openGroupLOI/:applicantId","","Documented route missing from React","Not established; route match alone is insufficient"
"dtic","angular/dtic/routing.js","356","#/id/editVacantLandDetail/:vacantLandId","function(params) { return 'editVacantLandDetail/' + params.vacantLandId; },","DTICIDController","/department/dtic/id/editVacantLandDetail/:vacantLandId","","Documented route missing from React","Not established; route match alone is insufficient"
"dtic","angular/dtic/routing.js","360","#/id/editViewLegacyData/:id","function(params) { return 'editViewLegacyData/' + params.id; },","DTICIDController","/department/dtic/id/editViewLegacyData/:id","","Documented route missing from React","Not established; route match alone is insufficient"
"dtic","angular/dtic/routing.js","365","#/id/viewIdApplicantHistory/:applicantId/:vacantLandId","function(params) { return 'viewIdHistory/' + params.applicantId + '/' + params.vacantLandId; },","DTICIDController","/department/dtic/id/viewIdApplicantHistory/:applicantId/:vacantLandId","","Documented route missing from React","Not established; route match alone is insufficient"
"dtic","angular/dtic/routing.js","369","#/idInspectionStatus/:applicantId/:vacantLandId","function(params) { return 'idInspectionStatus/' + params.applicantId + '/' + params.vacantLandId; },","DTICIDController","/department/dtic/idInspectionStatus/:applicantId/:vacantLandId","","Documented route missing from React","Not established; route match alone is insufficient"
"dtic","angular/dtic/routing.js","373","#/updateLOI/:applicantId/:vacantLandId","function(params) { return 'updateLOI/' + params.applicantId + '/' + params.vacantLandId; },","DTICIDController","/department/dtic/updateLOI/:applicantId/:vacantLandId","","Documented route missing from React","Not established; route match alone is insufficient"
"dtic","angular/dtic/routing.js","377","#/viewUploadDownloadLOI/:applicantId","function(params) { return 'viewUploadDownloadLOI/' + params.applicantId; },","DTICIDController","/department/dtic/viewUploadDownloadLOI/:applicantId","","Documented route missing from React","Not established; route match alone is insufficient"
"dtic","angular/dtic/routing.js","381","#/viewLOCDetails/:applicantId","function(params) { return 'viewLOCDetails/' + params.applicantId; },","DTICIDController","/department/dtic/viewLOCDetails/:applicantId","","Documented route missing from React","Not established; route match alone is insufficient"
"dtic","angular/dtic/routing.js","385","#/locPaymentDetails/:locChallanId","function(params) { return 'locPaymentDetails/' + params.locChallanId; },","DTICIDController","/department/dtic/locPaymentDetails/:locChallanId","","Documented route missing from React","Not established; route match alone is insufficient"
"dtic","angular/dtic/routing.js","389","#/uploadBankCoveringLetter/:applicantId/:schemeCategory","function(params) { return 'uploadBankCoveringLetter/' + params.applicantId + '/' + params.schemeCategory; },","DTICSelfEmploymentController","/department/dtic/uploadBankCoveringLetter/:applicantId/:schemeCategory","","Documented route missing from React","Not established; route match alone is insufficient"
"dtic","angular/dtic/routing.js","393","#/updateLeaseDeed/:applicantId/:vacantLandId","function(params) { return 'updateLeaseDeed/' + params.applicantId + '/' + params.vacantLandId; },","DTICIDController","/department/dtic/updateLeaseDeed/:applicantId/:vacantLandId","","Documented route missing from React","Not established; route match alone is insufficient"
"dtic","angular/dtic/routing.js","397","#/updatePossessionLetter/:applicantId/:vacantLandId","function(params) { return 'updatePossessionLetter/' + params.applicantId + '/' + params.vacantLandId; },","DTICIDController","/department/dtic/updatePossessionLetter/:applicantId/:vacantLandId","","Documented route missing from React","Not established; route match alone is insufficient"
"dtic","angular/dtic/routing.js","401","#/dticLandAcquisition","'dticLandAcquisition',","DTICIDController","/department/dtic/dticLandAcquisition","","Documented route missing from React","Not established; route match alone is insufficient"
"dtic","angular/dtic/routing.js","405","#/faapplicants","'faapplicants',","ZonalFAController","/department/dtic/faapplicants","","Documented route missing from React","Not established; route match alone is insufficient"
"dtic","angular/dtic/routing.js","409","#/viewfaapplicantdetail/:applicationId","function(params) { return 'viewfaapplicantdetail/' + params.applicationId; },","ZonalFAController","/department/dtic/viewfaapplicantdetail/:applicationId","","Documented route missing from React","Not established; route match alone is insufficient"
"dtic","angular/dtic/routing.js","413","#/viewfaschemesdetails/:applicationId","function(params) { return 'viewfaschemesdetails/' + params.applicationId; },","ZonalFAController","/department/dtic/viewfaschemesdetails/:applicationId","","Documented route missing from React","Not established; route match alone is insufficient"
"dtic","angular/dtic/routing.js","417","#/downloadForm/:name","function(params) { return 'download/' + params.name; },","","/department/dtic/downloadForm/:name","","Documented route missing from React","Not established; route match alone is insufficient"
"dtic","angular/dtic/routing.js","420","#/faZonalStatusUnit/:applicationId/:establishmentType","function(params) { return 'faZonalStatusUnit/' + params.applicationId + '/' + params.establishmentType; },","DTICFAController","/department/dtic/faZonalStatusUnit/:applicationId/:establishmentType","","Documented route missing from React","Not established; route match alone is insufficient"
"dtic","angular/dtic/routing.js","424","#/id/viewApplicationDetail/:applicantId/:vacantLandId","function(params) { return 'viewApplicationDetail/' + params.applicantId + '/' + params.vacantLandId; },","DTICIDController","/department/dtic/id/viewApplicationDetail/:applicantId/:vacantLandId","","Documented route missing from React","Not established; route match alone is insufficient"
"dtic","angular/dtic/routing.js","429","#/viewAllotmentLetter/:applicantId/:vacantLandId","function(params) { return 'viewAllotmentLetter/' + params.applicantId + '/' + params.vacantLandId; },","DTICIDController","/department/dtic/viewAllotmentLetter/:applicantId/:vacantLandId","","Documented route missing from React","Not established; route match alone is insufficient"
"dtic","angular/dtic/routing.js","435","#/allocatedBudgetDetails","'allocatedBudgetDetails',","DTICBudgetPlanningController","/department/dtic/allocatedBudgetDetails","","Documented route missing from React","Not established; route match alone is insufficient"
"dtic","angular/dtic/routing.js","439","#/allocatedBudgetDetails/:financialYearId","function(params) { return 'allocatedBudgetDetails/' + params.financialYearId; },","DTICBudgetPlanningController","/department/dtic/allocatedBudgetDetails/:financialYearId","","Documented route missing from React","Not established; route match alone is insufficient"
"dtic","angular/dtic/routing.js","443","#/allocatedBudgetDetails/:financialYearId/:quarterId","function(params) { return 'allocatedBudgetDetails/' + params.financialYearId + '/' + params.quarterId; },","DTICBudgetPlanningController","/department/dtic/allocatedBudgetDetails/:financialYearId/:quarterId","","Documented route missing from React","Not established; route match alone is insufficient"
"dtic","angular/dtic/routing.js","447","#/headsBudgetDetails/:financialYearId/:quarterId","function(params) { return 'headsBudgetDetails/' + params.financialYearId + '/' + params.quarterId; },","DTICBudgetPlanningController","/department/dtic/headsBudgetDetails/:financialYearId/:quarterId","","Documented route missing from React","Not established; route match alone is insufficient"
"dtic","angular/dtic/routing.js","453","#/demandBudgetDetails","'demandBudgetDetails',","DTICBudgetPlanningController","/department/dtic/demandBudgetDetails","","Documented route missing from React","Not established; route match alone is insufficient"
"dtic","angular/dtic/routing.js","457","#/demandBudgetDetails/:financialYearId","function(params) { return 'demandBudgetDetails/' + params.financialYearId; },","DTICBudgetPlanningController","/department/dtic/demandBudgetDetails/:financialYearId","","Documented route missing from React","Not established; route match alone is insufficient"
"dtic","angular/dtic/routing.js","461","#/generateBudgetDemand/:financialYearId","function(params) { return 'generateBudgetDemand/' + params.financialYearId; },","DTICBudgetPlanningController","/department/dtic/generateBudgetDemand/:financialYearId","","Documented route missing from React","Not established; route match alone is insufficient"
"dtic","angular/dtic/routing.js","465","#/viewBudgetDemand/:dticDemandId","function(params) { return 'viewBudgetDemand/' + params.dticDemandId; },","DTICBudgetPlanningController","/department/dtic/viewBudgetDemand/:dticDemandId","","Documented route missing from React","Not established; route match alone is insufficient"
"dtic","angular/dtic/routing.js","469","#/printBudgetDemand/:dticDemandId","function(params) { return 'printBudgetDemand/' + params.dticDemandId; },","DTICBudgetPlanningController","/department/dtic/printBudgetDemand/:dticDemandId","","Documented route missing from React","Not established; route match alone is insufficient"
"dtic","angular/dtic/routing.js","474","#/viewAllocatedBudgetDemand/:dticDemandId","function(params) { return 'viewAllocatedBudgetDemand/' + params.dticDemandId; },","DTICBudgetPlanningController","/department/dtic/viewAllocatedBudgetDemand/:dticDemandId","","Documented route missing from React","Not established; route match alone is insufficient"
"dtic","angular/dtic/routing.js","479","#/usesSurrenderDetails","function(params) { return 'usesSurrenderDetails'; },","DTICBudgetPlanningController","/department/dtic/usesSurrenderDetails","","Documented route missing from React","Not established; route match alone is insufficient"
"dtic","angular/dtic/routing.js","483","#/usesSurrenderDetails/:financialYearId","function(params) { return 'usesSurrenderDetails/' + params.financialYearId; },","DTICBudgetPlanningController","/department/dtic/usesSurrenderDetails/:financialYearId","","Documented route missing from React","Not established; route match alone is insufficient"
"dtic","angular/dtic/routing.js","487","#/viewUsesSurrender/:financialYearId/:quarterId","function(params) { return 'viewUsesSurrender/' + params.financialYearId + '/' + params.quarterId; },","DTICBudgetPlanningController","/department/dtic/viewUsesSurrender/:financialYearId/:quarterId","","Documented route missing from React","Not established; route match alone is insufficient"
"dtic","angular/dtic/routing.js","491","#/printUsesSurrender/:financialYearId/:quarterId","function(params) { return 'printUsesSurrender/' + params.financialYearId + '/' + params.quarterId; },","DTICBudgetPlanningController","/department/dtic/printUsesSurrender/:financialYearId/:quarterId","","Documented route missing from React","Not established; route match alone is insufficient"
"dtic","angular/dtic/routing.js","499","#/inspectionDetails","'inspectionDetails',","DTICCoordinationController","/department/dtic/inspectionDetails","","Documented route missing from React","Not established; route match alone is insufficient"
"dtic","angular/dtic/routing.js","503","#/viewRoster/:inspectionOfficeId","function(params) { return 'viewRoster/' + params.inspectionOfficeId; },","DTICCoordinationController","/department/dtic/viewRoster/:inspectionOfficeId","","Documented route missing from React","Not established; route match alone is insufficient"
"dtic","angular/dtic/routing.js","507","#/viewEditRoster/:inspectionOfficeId","function(params) { return 'viewEditRoster/' + params.inspectionOfficeId; },","DTICCoordinationController","/department/dtic/viewEditRoster/:inspectionOfficeId","","Documented route missing from React","Not established; route match alone is insufficient"
"dtic","angular/dtic/routing.js","511","#/printRoster/:inspectionOfficeId","function(params) { return 'printRoster/' + params.inspectionOfficeId; },","DTICCoordinationController","/department/dtic/printRoster/:inspectionOfficeId","","Documented route missing from React","Not established; route match alone is insufficient"
"dtic","angular/dtic/routing.js","520","#/letterList","'letterList',","CommonController","/department/dtic/letterList","","Documented route missing from React","Not established; route match alone is insufficient"
"dtic","angular/dtic/routing.js","524","#/viewLetter/:letterId","function(params) { return 'viewLetter/' + params.letterId; },","CommonController","/department/dtic/viewLetter/:letterId","","Documented route missing from React","Not established; route match alone is insufficient"
"dtic","angular/dtic/routing.js","529","#/updateProcess/:letterId","function(params) { return 'updateProcess/' + params.letterId; },","CommonController","/department/dtic/updateProcess/:letterId","","Documented route missing from React","Not established; route match alone is insufficient"
"dtic","angular/dtic/routing.js","533","#/loadHistory/:letterId","function(params) { return 'loadHistory/' + params.letterId; },","CommonController","/department/dtic/loadHistory/:letterId","","Documented route missing from React","Not established; route match alone is insufficient"
"dtic","angular/dtic/routing.js","539","#/dticCreateIndustrialArea","'dticCreateIndustrialArea',","DTICIDController","/department/dtic/dticCreateIndustrialArea","","Documented route missing from React","Not established; route match alone is insufficient"
"dtic","angular/dtic/routing.js","543","#/dticCreateCollectorRate","'dticCreateCollectorRate',","DTICIDController","/department/dtic/dticCreateCollectorRate","","Documented route missing from React","Not established; route match alone is insufficient"
"dtic","angular/dtic/routing.js","547","#/viewCollectorRate/:collectorRateId","function(params) { return 'viewCollectorRate/' + params.collectorRateId; },","DTICIDController","/department/dtic/viewCollectorRate/:collectorRateId","","Documented route missing from React","Not established; route match alone is insufficient"
"dtic","angular/dtic/routing.js","551","#/editIndustrialArea/:locationId","function(params) { return 'editIndustrialArea/' + params.locationId; },","DTICIDController","/department/dtic/editIndustrialArea/:locationId","","Documented route missing from React","Not established; route match alone is insufficient"
"dtic","angular/dtic/routing.js","555","#/dticCreateIndustrialAreaRate","'dticCreateIndustrialAreaRate',","DTICIDController","/department/dtic/dticCreateIndustrialAreaRate","","Documented route missing from React","Not established; route match alone is insufficient"
"dtic","angular/dtic/routing.js","559","#/dticViewIndustrialAreaRate/:industrialAreaRateId","function(params) { return 'dticViewIndustrialAreaRate/' + params.industrialAreaRateId; },","DTICIDController","/department/dtic/dticViewIndustrialAreaRate/:industrialAreaRateId","","Documented route missing from React","Not established; route match alone is insufficient"
"dtic","angular/dtic/routing.js","565","#/internalAuditList","'internalAuditListForDTIC',","AuditDTICController","/department/dtic/internalAuditList","","Documented route missing from React","Not established; route match alone is insufficient"
"dtic","angular/dtic/routing.js","569","#/viewInternalAudit/:rosterId","function(params) { return 'viewInternalAudit/' + params.rosterId; },","AuditDTICController","/department/dtic/viewInternalAudit/:rosterId","","Documented route missing from React","Not established; route match alone is insufficient"
"dtic","angular/dtic/routing.js","573","#/externalauditlist","'externalAuditListForDTIC',","AuditDTICController","/department/dtic/externalauditlist","","Documented route missing from React","Not established; route match alone is insufficient"
"dtic","angular/dtic/routing.js","577","#/viewExternalAudit/:rosterId","function(params) { return 'viewExternalAudit/' + params.rosterId; },","AuditDTICController","/department/dtic/viewExternalAudit/:rosterId","","Documented route missing from React","Not established; route match alone is insufficient"
"dtic","angular/dtic/routing.js","581","#/dticExternalAuditEnterOpinion/:rosterId","function(params) { return 'dticExternalAuditEnterOpinion/' + params.rosterId; },","AuditDTICController","/department/dtic/dticExternalAuditEnterOpinion/:rosterId","","Documented route missing from React","Not established; route match alone is insufficient"
"dtic","angular/dtic/routing.js","586","#/dticInternalAuditEnterOpinion/:rosterId","function(params) { return 'dticInternalAuditEnterOpinion/' + params.rosterId; },","AuditDTICController","/department/dtic/dticInternalAuditEnterOpinion/:rosterId","","Documented route missing from React","Not established; route match alone is insufficient"
"dtic","angular/dtic/routing.js","590","#/factualdetaillist","'factualDetailListForDTIC',","AuditDTICController","/department/dtic/factualdetaillist","","Documented route missing from React","Not established; route match alone is insufficient"
"dtic","angular/dtic/routing.js","594","#/viewFactualDetail/:factualDetailId","function(params) { return 'viewFactualDetail/' + params.factualDetailId; },","AuditDTICController","/department/dtic/viewFactualDetail/:factualDetailId","","Documented route missing from React","Not established; route match alone is insufficient"
"dtic","angular/dtic/routing.js","598","#/dticFactualDetailEnterOpinion/:factualDetailId","function(params) { return 'dticFactualDetailEnterOpinion/' + params.factualDetailId; },","AuditDTICController","/department/dtic/dticFactualDetailEnterOpinion/:factualDetailId","","Documented route missing from React","Not established; route match alone is insufficient"
"dtic","angular/dtic/routing.js","602","#/proformaclauselist","'proformaClauseListForDTIC',","AuditDTICController","/department/dtic/proformaclauselist","","Documented route missing from React","Not established; route match alone is insufficient"
"dtic","angular/dtic/routing.js","606","#/dticProformaClauseEnterOpinion/:proformaId","function(params) { return 'dticProformaClauseEnterOpinion/' + params.proformaId; },","AuditDTICController","/department/dtic/dticProformaClauseEnterOpinion/:proformaId","","Documented route missing from React","Not established; route match alone is insufficient"
"dtic","angular/dtic/routing.js","610","#/viewProformaClause/:proformaId","function(params) { return 'viewProformaClause/' + params.proformaId; },","AuditDTICController","/department/dtic/viewProformaClause/:proformaId","","Documented route missing from React","Not established; route match alone is insufficient"
"dtic","angular/dtic/routing.js","614","#/noticeList","'noticeList',","DTICIDController","/department/dtic/noticeList","","Documented route missing from React","Not established; route match alone is insufficient"
"dtic","angular/dtic/routing.js","618","#/backlogLandAllotment","'backlogLandAllotment',","DTICIDController","/department/dtic/backlogLandAllotment","","Documented route missing from React","Not established; route match alone is insufficient"
"dtic","angular/dtic/routing.js","622","#/viewIssueNotice/:applicantId","function(params) { return 'viewIssueNotice/' + params.applicantId; },","DTICIDController","/department/dtic/viewIssueNotice/:applicantId","","Documented route missing from React","Not established; route match alone is insufficient"
"dtic","angular/dtic/routing.js","626","#/reviewCompliance/:noticeId","function(params) { return 'reviewCompliance/' + params.noticeId; },","DTICIDController","/department/dtic/reviewCompliance/:noticeId","","Documented route missing from React","Not established; route match alone is insufficient"
"dtic","angular/dtic/routing.js","630","#/viewNoticeHistory/:noticeId","function(params) { return 'viewNoticeHistory/' + params.noticeId; },","DTICIDController","/department/dtic/viewNoticeHistory/:noticeId","","Documented route missing from React","Not established; route match alone is insufficient"
"dtic","angular/dtic/routing.js","634","#/viewAnnualPaymentHistory/:applicantId","function(params) { return 'viewAnnualPaymentHistory/' + params.applicantId; },","DTICIDController","/department/dtic/viewAnnualPaymentHistory/:applicantId","","Documented route missing from React","Not established; route match alone is insufficient"
"dtic","angular/dtic/routing.js","638","#/reviewConditionalComplianceZO/:hearingId","function(params) { return 'viewReviewConditionalComplianceZO/' + params.hearingId; },","DTICIDController","/department/dtic/reviewConditionalComplianceZO/:hearingId","","Documented route missing from React","Not established; route match alone is insufficient"
"dtic","angular/dtic/routing.js","642","#/reviewConditionalComplianceZO/:hearingId/:decisionId","function(params) { return 'viewReviewConditionalComplianceZO/' + params.hearingId + '/' + params.decisionId; },","DTICIDController","/department/dtic/reviewConditionalComplianceZO/:hearingId/:decisionId","","Documented route missing from React","Not established; route match alone is insufficient"
"dtic","angular/dtic/routing.js","646","#/viewConditionalDecisionZO/:hearingId/:decisionId","function(params) { return 'viewConditionalDecisionZO/' + params.hearingId + '/' + params.decisionId; },","DTICIDController","/department/dtic/viewConditionalDecisionZO/:hearingId/:decisionId","","Documented route missing from React","Not established; route match alone is insufficient"
"dtic","angular/dtic/routing.js","650","#/reviewConditionalComplianceIC/:hearingId","function(params) { return 'viewReviewConditionalComplianceIC/' + params.hearingId; },","DTICIDController","/department/dtic/reviewConditionalComplianceIC/:hearingId","","Documented route missing from React","Not established; route match alone is insufficient"
"dtic","angular/dtic/routing.js","654","#/reviewConditionalComplianceIC/:hearingId/:decisionId","function(params) { return 'viewReviewConditionalComplianceIC/' + params.hearingId + '/' + params.decisionId; },","DTICIDController","/department/dtic/reviewConditionalComplianceIC/:hearingId/:decisionId","","Documented route missing from React","Not established; route match alone is insufficient"
"dtic","angular/dtic/routing.js","658","#/viewConditionalDecisionIC/:hearingId/:decisionId","function(params) { return 'viewConditionalDecisionIC/' + params.hearingId + '/' + params.decisionId; },","DTICIDController","/department/dtic/viewConditionalDecisionIC/:hearingId/:decisionId","","Documented route missing from React","Not established; route match alone is insufficient"
"dtic","angular/dtic/routing.js","662","#/viewZOAppeal/:appealId","function(params) { return 'viewZOAppeal/' + params.appealId; },","DTICIDController","/department/dtic/viewZOAppeal/:appealId","","Documented route missing from React","Not established; route match alone is insufficient"
"dtic","angular/dtic/routing.js","666","#/viewZOAppealHearing/:appealHearingId","function(params) { return 'viewZOAppealHearing/' + params.appealHearingId; },","DTICIDController","/department/dtic/viewZOAppealHearing/:appealHearingId","","Documented route missing from React","Not established; route match alone is insufficient"
"dtic","angular/dtic/routing.js","670","#/viewICAppeal/:appealId","function(params) { return 'viewICAppeal/' + params.appealId; },","DTICIDController","/department/dtic/viewICAppeal/:appealId","","Documented route missing from React","Not established; route match alone is insufficient"
"dtic","angular/dtic/routing.js","674","#/viewICAppealHearing/:appealHearingId","function(params) { return 'viewICAppealHearing/' + params.appealHearingId; },","DTICIDController","/department/dtic/viewICAppealHearing/:appealHearingId","","Documented route missing from React","Not established; route match alone is insufficient"
"dtic","angular/dtic/routing.js","678","#/viewAnnualPaymentDetails/:paymentId","function(params) { return 'viewAnnualPaymentDetails/' + params.paymentId; },","DTICIDController","/department/dtic/viewAnnualPaymentDetails/:paymentId","","Documented route missing from React","Not established; route match alone is insufficient"
"dtic","angular/dtic/routing.js","682","#/updateprofile","'updateprofile',","CommonController","/department/dtic/profile","","Documented route missing from React","Not established; route match alone is insufficient"
"dtic","angular/dtic/routing.js","686","#/addSupplyNameForm","'addSupplyNameForm',","DTICController","/department/dtic/addSupplyNameForm","","Documented route missing from React","Not established; route match alone is insufficient"
"dtic","angular/dtic/routing.js","690","#/viewEditSupplyName/:id","function(params) { return 'viewEditSupplyName/' + params.id; },","DTICController","/department/dtic/viewEditSupplyName/:id","","Documented route missing from React","Not established; route match alone is insufficient"
"dtic","angular/dtic/routing.js","695","#/viewEditSupplierName/:id","function(params) { return 'viewEditSupplierName/' + params.id; },","DTICController","/department/dtic/viewEditSupplierName/:id","","Documented route missing from React","Not established; route match alone is insufficient"
"dtic","angular/dtic/routing.js","699","#/supplyNameList","'supplyNameList',","DTICController","/department/dtic/supplyNameList","","Documented route missing from React","Not established; route match alone is insufficient"
"dtic","angular/dtic/routing.js","703","#/supplierNameList","'supplierNameList',","DTICController","/department/dtic/supplierNameList","","Documented route missing from React","Not established; route match alone is insufficient"
"dtic","angular/dtic/routing.js","707","#/supplierList","'supplierList',","DTICController","/department/dtic/supplierList","","Documented route missing from React","Not established; route match alone is insufficient"
"dtic","angular/dtic/routing.js","711","#/supplierForm","'supplierForm',","DTICController","/department/dtic/supplierForm","","Documented route missing from React","Not established; route match alone is insufficient"
"dtic","angular/dtic/routing.js","715","#/supplyList","'supplyList',","DTICController","/department/dtic/supplyList","","Documented route missing from React","Not established; route match alone is insufficient"
"dtic","angular/dtic/routing.js","719","#/supplyForm","'supplyForm',","DTICController","/department/dtic/supplyForm","","Documented route missing from React","Not established; route match alone is insufficient"
"dtic","angular/dtic/routing.js","723","#/ox1List","'ox1List',","DTICController","/department/dtic/ox1List","","Documented route missing from React","Not established; route match alone is insufficient"
"dtic","angular/dtic/routing.js","727","#/ox1Form","'ox1Form',","DTICController","/department/dtic/ox1Form","","Documented route missing from React","Not established; route match alone is insufficient"
"dtic","angular/dtic/routing.js","731","#/ox2List","'ox2List',","DTICController","/department/dtic/ox2List","","Documented route missing from React","Not established; route match alone is insufficient"
"dtic","angular/dtic/routing.js","735","#/ox2Form","'ox2Form',","DTICController","/department/dtic/ox2Form","","Documented route missing from React","Not established; route match alone is insufficient"
"dtic","angular/dtic/routing.js","739","#/ox3List","'ox3List',","DTICController","/department/dtic/ox3List","","Documented route missing from React","Not established; route match alone is insufficient"
"dtic","angular/dtic/routing.js","743","#/ox3Form","'ox3Form',","DTICController","/department/dtic/ox3Form","","Documented route missing from React","Not established; route match alone is insufficient"
"dtic","angular/dtic/routing.js","747","#/ox4List","'ox4List',","DTICController","/department/dtic/ox4List","","Documented route missing from React","Not established; route match alone is insufficient"
"dtic","angular/dtic/routing.js","751","#/ox4Form","'ox4Form',","DTICController","/department/dtic/ox4Form","","Documented route missing from React","Not established; route match alone is insufficient"
"dtic","angular/dtic/routing.js","755","#/report1","'report1',","DTICController","/department/dtic/report1","","Documented route missing from React","Not established; route match alone is insufficient"
"dtic","angular/dtic/routing.js","759","#/report2","'report2',","DTICController","/department/dtic/report2","","Documented route missing from React","Not established; route match alone is insufficient"
"dtic","angular/dtic/routing.js","763","#/enrolmentList","'enrolmentList',","DTICIDController","/department/dtic/enrolmentList","","Documented route missing from React","Not established; route match alone is insufficient"
"dtic","angular/dtic/routing.js","771","#/viewenrolmentform/:userId","function(params) {","DTICIDController","/department/dtic/viewenrolmentform/:userId","","Documented route missing from React","Not established; route match alone is insufficient"
"dtic","angular/dtic/routing.js","777","#/completeDataOfLandApplicant","'completeDataOfLandApplicant',","DTICIDController","/department/dtic/completeDataOfLandApplicant","","Documented route missing from React","Not established; route match alone is insufficient"
"dtic","angular/dtic/routing.js","781","#/esignPaymentPendencyReport","'esignPaymentPendencyReport',","DTICIDController","/department/dtic/esignPaymentPendencyReport","","Documented route missing from React","Not established; route match alone is insufficient"
"dtic","angular/dtic/routing.js","785","#/fa/financialAssistanceTracking/:applicationId","'fa/financialAssistanceTracking/',","DTICFAController","/department/dtic/fa/financialAssistanceTracking/:applicationId","","Documented route missing from React","Not established; route match alone is insufficient"
"fa","angular/fa/FARouting.js","18","#/updateprofile","'updateprofile',","CommonController","/department/fa/profile","","Documented route missing from React","Not established; route match alone is insufficient"
"fa","angular/fa/FARouting.js","21","#/changepassword","'changepassword',","CommonController","/department/fa/change-password","","Documented route missing from React","Not established; route match alone is insufficient"
"fa","angular/fa/FARouting.js","24","#/firstPasswordChange","'firstPasswordChange',","CommonController","/department/fa/first-password-change","","Documented route missing from React","Not established; route match alone is insufficient"
"fa","angular/fa/FARouting.js","27","#/success","'success'","","/department/fa/success","","Documented route missing from React","Not established; route match alone is insufficient"
"fa","angular/fa/FARouting.js","31","#/dashboard","'dashboard',","FAController","/department/fa/dashboard","DepartmentDashboard","Static dashboard; reused for other routes","Not established; route match alone is insufficient"
"fa","angular/fa/FARouting.js","35","#/powerBiDashbord","'powerBiDashbord',","FAController","/department/fa/powerBiDashbord","","Documented route missing from React","Not established; route match alone is insufficient"
"fa","angular/fa/FARouting.js","39","#/report","'report',","FAController","/department/fa/report","","Documented route missing from React","Not established; route match alone is insufficient"
"fa","angular/fa/FARouting.js","43","#/districtWiseReport","'districtWiseReport',","FAController","/department/fa/districtWiseReport","","Documented route missing from React","Not established; route match alone is insufficient"
"fa","angular/fa/FARouting.js","47","#/schemeWiseReport","'schemeWiseReport',","FAController","/department/fa/schemeWiseReport","","Documented route missing from React","Not established; route match alone is insufficient"
"fa","angular/fa/FARouting.js","51","#/districtWiseMsmeDetailsReport","'districtWiseMsmeDetailsReport',","FAController","/department/fa/districtWiseMsmeDetailsReport","","Documented route missing from React","Not established; route match alone is insufficient"
"fa","angular/fa/FARouting.js","55","#/msmeDetailReportList/:districtId","function(params){ return 'msmeDetailReportList/' + params.districtId; },","FAController","/department/fa/msmeDetailReportList/:districtId","","Documented route missing from React","Not established; route match alone is insufficient"
"fa","angular/fa/FARouting.js","59","#/report/:districtId","function(params){ return 'report/' + params.districtId; },","FAController","/department/fa/report/:districtId","","Documented route missing from React","Not established; route match alone is insufficient"
"fa","angular/fa/FARouting.js","64","#/reportStatus/:districtId/:status","function(params){ return 'reportStatus/' + params.districtId+""/""+params.status; },","FAController","/department/fa/reportStatus/:districtId/:status","","Documented route missing from React","Not established; route match alone is insufficient"
"fa","angular/fa/FARouting.js","68","#/report/:districtId/:scheme","function(params){ return 'report/' + params.districtId+""/""+params.scheme; },","FAController","/department/fa/report/:districtId/:scheme","","Documented route missing from React","Not established; route match alone is insufficient"
"fa","angular/fa/FARouting.js","72","#/SanctionedVsDisbursement","'SanctionedVsDisbursement',","FAController","/department/fa/SanctionedVsDisbursement","","Documented route missing from React","Not established; route match alone is insufficient"
"fa","angular/fa/FARouting.js","76","#/detailList","'detailList',","FAController","/department/fa/detailList","","Documented route missing from React","Not established; route match alone is insufficient"
"fa","angular/fa/FARouting.js","80","#/viewfaapplicantdetailunitnew/:applicationId","'viewfaapplicantdetailunitnew/',","FAController","/department/fa/viewfaapplicantdetailunitnew/:applicationId","","Documented route missing from React","Not established; route match alone is insufficient"
"fa","angular/fa/FARouting.js","85","#/querybydtic/:applicationId/:establishmentType","function(params){ return 'querybydtic/' + params.applicationId+'/'+params.establishmentType; },","FAController","/department/fa/querybydtic/:applicationId/:establishmentType","","Documented route missing from React","Not established; route match alone is insufficient"
"fa","angular/fa/FARouting.js","90","#/dticfapendingapplicantsunit","'dticfapendingapplicantsunit',","FAController","/department/fa/dticfapendingapplicantsunit","","Documented route missing from React","Not established; route match alone is insufficient"
"fa","angular/fa/FARouting.js","94","#/fa/viewfaapplicantHistory/:applicationId/:establishmentType","function(params){ return 'viewFaHistory/' + params.applicationId+'/'+params.establishmentType; },","FAController","/department/fa/fa/viewfaapplicantHistory/:applicationId/:establishmentType","","Documented route missing from React","Not established; route match alone is insufficient"
"fa","angular/fa/FARouting.js","99","#/faCommitteesStatusUnit/:applicationIds/:establishmentType","function(params){ return 'faCommitteesStatusUnit/' + params.applicationIds+'/'+params.establishmentType; },","FAController","/department/fa/faCommitteesStatusUnit/:applicationIds/:establishmentType","","Documented route missing from React","Not established; route match alone is insufficient"
"fa","angular/fa/FARouting.js","108","#/faOtherUploadDocuments/:applicationId/:establishmentType","function(params){ return 'faOtherUploadDocuments/' + params.applicationId+'/'+params.establishmentType; },","FAController","/department/fa/faOtherUploadDocuments/:applicationId/:establishmentType","","Documented route missing from React","Not established; route match alone is insufficient"
"fa","angular/fa/FARouting.js","112","#/faacceptanceamountdetailunit/:applicationId/:establishmentType","function(params){ return 'faacceptanceamountdetailunit/' + params.applicationId+'/'+params.establishmentType; },","FAController","/department/fa/faacceptanceamountdetailunit/:applicationId/:establishmentType","","Documented route missing from React","Not established; route match alone is insufficient"
"fa","angular/fa/FARouting.js","116","#/viewdownloadfaacceptanceform/:applicationId/:establishmentType","function(params){ return 'viewdownloadfaacceptanceform/' + params.applicationId+'/'+params.establishmentType; },","FAController","/department/fa/viewdownloadfaacceptanceform/:applicationId/:establishmentType","","Documented route missing from React","Not established; route match alone is insufficient"
"fa","angular/fa/FARouting.js","121","#/faDisbursementUnit/:applicationId/:establishmentType","function(params){ return 'faDisbursementUnit/' + params.applicationId+'/'+params.establishmentType; },","FAController","/department/fa/faDisbursementUnit/:applicationId/:establishmentType","","Documented route missing from React","Not established; route match alone is insufficient"
"fa","angular/fa/FARouting.js","125","#/faDisbursementUnit_new","'faDisbursementUnit_new',","FAController","/department/fa/faDisbursementUnit_new","","Documented route missing from React","Not established; route match alone is insufficient"
"fa","angular/fa/FARouting.js","130","#/faDisbursementUnit_new2/:encodedList","'faDisbursementUnit_new2',","FAController","/department/fa/faDisbursementUnit_new2/:encodedList","","Documented route missing from React","Not established; route match alone is insufficient"
"fa","angular/fa/FARouting.js","134","#/faDisbursementUnit1","'faDisbursementUnit1',","FAController","/department/fa/faDisbursementUnit1","","Documented route missing from React","Not established; route match alone is insufficient"
"fa","angular/fa/FARouting.js","139","#/infradevelopmetList","'infradevelopmetList',","FAController","/department/fa/infradevelopmetList","","Documented route missing from React","Not established; route match alone is insufficient"
"fa","angular/fa/FARouting.js","143","#/viewfaInfrastructure/:id","function(params){ return 'viewfaInfrastructure/' + params.id; },","FAController","/department/fa/viewfaInfrastructure/:id","","Documented route missing from React","Not established; route match alone is insufficient"
"fa","angular/fa/FARouting.js","148","#/viewfaDisbursementUnit/:applicationId/:establishmentType","function(params){ return 'viewfaDisbursementUnit/' + params.applicationId+'/'+params.establishmentType; },","FAController","/department/fa/viewfaDisbursementUnit/:applicationId/:establishmentType","","Documented route missing from React","Not established; route match alone is insufficient"
"fa","angular/fa/FARouting.js","152","#/fa/newapplicantformapparel","'fa/newapplicantformapparel',","FAController","/department/fa/fa/newapplicantformapparel","","Documented route missing from React","Not established; route match alone is insufficient"
"fa","angular/fa/FARouting.js","156","#/faCommitteeStatusUnit/:applicationId/:establishmentType","function(params){ return 'faCommitteeStatusUnit/' + params.applicationId+'/'+params.establishmentType; },","FAController","/department/fa/faCommitteeStatusUnit/:applicationId/:establishmentType","","Documented route missing from React","Not established; route match alone is insufficient"
"fa","angular/fa/FARouting.js","161","#/viewfaCommitteeStatusUnit/:applicationId/:establishmentType","function(params){ return 'viewfaCommitteeStatusUnit/' + params.applicationId+'/'+params.establishmentType; },","FAController","/department/fa/viewfaCommitteeStatusUnit/:applicationId/:establishmentType","","Documented route missing from React","Not established; route match alone is insufficient"
"fa","angular/fa/FARouting.js","166","#/fa/viewfaDisbursementUnit/:applicationId/:establishmentType","function(params){ return 'fa/viewfaDisbursementUnit/' + params.applicationId+'/'+params.establishmentType; },","FAController","/department/fa/fa/viewfaDisbursementUnit/:applicationId/:establishmentType","","Documented route missing from React","Not established; route match alone is insufficient"
"fa","angular/fa/FARouting.js","171","#/fa/viewfaacceptanceamountdetailunit/:applicationId/:establishmentType","function(params){ return 'fa/viewfaacceptanceamountdetailunit/' + params.applicationId+'/'+params.establishmentType; },","FAController","/department/fa/fa/viewfaacceptanceamountdetailunit/:applicationId/:establishmentType","","Documented route missing from React","Not established; route match alone is insufficient"
"fa","angular/fa/FARouting.js","175","#/faCommitteesStatusUnit/:applicationIds/:establishmentType","function(params){ return 'faCommitteesStatusUnit/' + params.applicationIds+'/'+params.establishmentType; },","FAController","/department/fa/faCommitteesStatusUnit/:applicationIds/:establishmentType","","Documented route missing from React","Not established; route match alone is insufficient"
"grievanceApplicant","angular/grievanceApplicant/GrievanceApplicantRouting.js","19","#/updateprofileapplicant","'updateprofileapplicant',","CommonController","/applicant/grievances/profile","","Documented route missing from React","Not established; route match alone is insufficient"
"grievanceApplicant","angular/grievanceApplicant/GrievanceApplicantRouting.js","22","#/changepassword","'changepassword',","CommonController","/applicant/grievances/change-password","","Documented route missing from React","Not established; route match alone is insufficient"
"grievanceApplicant","angular/grievanceApplicant/GrievanceApplicantRouting.js","25","#/firstPasswordChange","'firstPasswordChange',","CommonController","/applicant/grievances/first-password-change","","Documented route missing from React","Not established; route match alone is insufficient"
"grievanceApplicant","angular/grievanceApplicant/GrievanceApplicantRouting.js","28","#/success","'success'","","/applicant/grievances/success","","Documented route missing from React","Not established; route match alone is insufficient"
"grievanceApplicant","angular/grievanceApplicant/GrievanceApplicantRouting.js","32","#/dashboard","'dashboard',","GrievanceApplicantController","/applicant/grievances/dashboard","","Documented route missing from React","Not established; route match alone is insufficient"
"grievanceApplicant","angular/grievanceApplicant/GrievanceApplicantRouting.js","35","#/userLodgedGrievances","'userLodgedGrievances',","GrievanceApplicantController","/applicant/grievances/userLodgedGrievances","","Documented route missing from React","Not established; route match alone is insufficient"
"grievanceApplicant","angular/grievanceApplicant/GrievanceApplicantRouting.js","38","#/viewUserGrievanceRedressal/:grievanceId","function(params) {","GrievanceApplicantController","/applicant/grievances/viewUserGrievanceRedressal/:grievanceId","","Documented route missing from React","Not established; route match alone is insufficient"
"grievanceApplicant","angular/grievanceApplicant/GrievanceApplicantRouting.js","47","#/grievanceReplyForm/:grievanceId","function(params){ return 'grievanceReplyForm/' + params.grievanceId; },","GrievanceApplicantController","/applicant/grievances/grievanceReplyForm/:grievanceId","","Documented route missing from React","Not established; route match alone is insufficient"
"grievanceApplicant","angular/grievanceApplicant/GrievanceApplicantRouting.js","50","#/grievanceRedressalForm","'grievanceRedressalForm',","GrievanceApplicantController","/applicant/grievances/grievanceRedressalForm","","Documented route missing from React","Not established; route match alone is insufficient"
"icOffice","angular/icOffice/ICOfficeRouting.js","19","#/updateprofile","'updateprofile',","CommonController","/department/ic-office/profile","","Documented route missing from React","Not established; route match alone is insufficient"
"icOffice","angular/icOffice/ICOfficeRouting.js","22","#/changepassword","'changepassword',","CommonController","/department/ic-office/change-password","","Documented route missing from React","Not established; route match alone is insufficient"
"icOffice","angular/icOffice/ICOfficeRouting.js","25","#/firstPasswordChange","'firstPasswordChange',","CommonController","/department/ic-office/first-password-change","","Documented route missing from React","Not established; route match alone is insufficient"
"icOffice","angular/icOffice/ICOfficeRouting.js","28","#/success","'success'","","/department/ic-office/success","","Documented route missing from React","Not established; route match alone is insufficient"
"icOffice","angular/icOffice/ICOfficeRouting.js","32","#/dashboard","'dashboard',","CoordinationController","/department/ic-office/dashboard","DepartmentDashboard","Static dashboard; reused for other routes","Not established; route match alone is insufficient"
"icOffice","angular/icOffice/ICOfficeRouting.js","35","#/appealList","'appealList',","IDICController","/department/ic-office/appealList","","Documented route missing from React","Not established; route match alone is insufficient"
"icOffice","angular/icOffice/ICOfficeRouting.js","38","#/appealHearingDate/:appealId","function(params) {","IDICController","/department/ic-office/appealHearingDate/:appealId","","Documented route missing from React","Not established; route match alone is insufficient"
"icOffice","angular/icOffice/ICOfficeRouting.js","43","#/appealHearings/:appealId","function(params) {","IDICController","/department/ic-office/appealHearings/:appealId","","Documented route missing from React","Not established; route match alone is insufficient"
"icOffice","angular/icOffice/ICOfficeRouting.js","48","#/zoAppealHearings/:appealId","function(params) {","IDICController","/department/ic-office/zoAppealHearings/:appealId","","Documented route missing from React","Not established; route match alone is insufficient"
"icOffice","angular/icOffice/ICOfficeRouting.js","53","#/icAppealHearings/:appealId","function(params) {","IDICController","/department/ic-office/icAppealHearings/:appealId","","Documented route missing from React","Not established; route match alone is insufficient"
"icOffice","angular/icOffice/ICOfficeRouting.js","58","#/updateAppealHearing/:appealHearingId","function(params) {","IDICController","/department/ic-office/updateAppealHearing/:appealHearingId","","Documented route missing from React","Not established; route match alone is insufficient"
"icOffice","angular/icOffice/ICOfficeRouting.js","63","#/viewAppealHearing/:appealHearingId","function(params) {","IDICController","/department/ic-office/viewAppealHearing/:appealHearingId","","Documented route missing from React","Not established; route match alone is insufficient"
"icOffice","angular/icOffice/ICOfficeRouting.js","68","#/viewApplicantForm/:applicantId","function(params) {","IDICController","/department/ic-office/viewApplicantForm/:applicantId","","Documented route missing from React","Not established; route match alone is insufficient"
"icOffice","angular/icOffice/ICOfficeRouting.js","73","#/viewNoticeHistory/:noticeId","function(params) {","IDICController","/department/ic-office/viewNoticeHistory/:noticeId","","Documented route missing from React","Not established; route match alone is insufficient"
"icOffice","angular/icOffice/ICOfficeRouting.js","80","#/inspectionDetails","'inspectionDetails',","CoordinationController","/department/ic-office/inspectionDetails","","Documented route missing from React","Not established; route match alone is insufficient"
"icOffice","angular/icOffice/ICOfficeRouting.js","83","#/inspectionDetails/:financialYearId","function(params) {","CoordinationController","/department/ic-office/inspectionDetails/:financialYearId","","Documented route missing from React","Not established; route match alone is insufficient"
"icOffice","angular/icOffice/ICOfficeRouting.js","88","#/viewInspectionOffice/:inspectionOfficeId","function(params) {","CoordinationController","/department/ic-office/viewInspectionOffice/:inspectionOfficeId","","Documented route missing from React","Not established; route match alone is insufficient"
"icOffice","angular/icOffice/ICOfficeRouting.js","93","#/printInspectionRoster/:inspectionOfficeId","function(params) {","CoordinationController","/department/ic-office/printInspectionRoster/:inspectionOfficeId","","Documented route missing from React","Not established; route match alone is insufficient"
"icOffice","angular/icOffice/ICOfficeRouting.js","103","#/externalauditlist","'externalAuditListForIC',","AuditICController","/department/ic-office/externalauditlist","","Documented route missing from React","Not established; route match alone is insufficient"
"icOffice","angular/icOffice/ICOfficeRouting.js","106","#/viewExternalAudit/:rosterId","function(params) {","AuditICController","/department/ic-office/viewExternalAudit/:rosterId","","Documented route missing from React","Not established; route match alone is insufficient"
"icOffice","angular/icOffice/ICOfficeRouting.js","111","#/icExternalAuditEnterOpinion/:rosterId","function(params) {","AuditICController","/department/ic-office/icExternalAuditEnterOpinion/:rosterId","","Documented route missing from React","Not established; route match alone is insufficient"
"icOffice","angular/icOffice/ICOfficeRouting.js","118","#/internalAuditList","'internalAuditListForIC',","AuditICController","/department/ic-office/internalAuditList","","Documented route missing from React","Not established; route match alone is insufficient"
"icOffice","angular/icOffice/ICOfficeRouting.js","121","#/viewInternalAudit/:rosterId","function(params) {","AuditICController","/department/ic-office/viewInternalAudit/:rosterId","","Documented route missing from React","Not established; route match alone is insufficient"
"icOffice","angular/icOffice/ICOfficeRouting.js","126","#/icInternalAuditEnterOpinion/:rosterId","function(params) {","AuditICController","/department/ic-office/icInternalAuditEnterOpinion/:rosterId","","Documented route missing from React","Not established; route match alone is insufficient"
"icOffice","angular/icOffice/ICOfficeRouting.js","131","#/cagIndiaReportListForIC","'cagIndiaReportListForIC',","AuditICController","/department/ic-office/cagIndiaReportListForIC","","Documented route missing from React","Not established; route match alone is insufficient"
"icOffice","angular/icOffice/ICOfficeRouting.js","134","#/cagReportAuditEnterICOpinion/:cagReportId","function(params) {","AuditICController","/department/ic-office/cagReportAuditEnterICOpinion/:cagReportId","","Documented route missing from React","Not established; route match alone is insufficient"
"icOffice","angular/icOffice/ICOfficeRouting.js","142","#/viewIcOpinionCagReport/:cagReportId","function(params) {","AuditICController","/department/ic-office/viewIcOpinionCagReport/:cagReportId","","Documented route missing from React","Not established; route match alone is insufficient"
"icOffice","angular/icOffice/ICOfficeRouting.js","147","#/pacReportList","'pacReportListForIC',","AuditICController","/department/ic-office/pacReportList","","Documented route missing from React","Not established; route match alone is insufficient"
"icOffice","angular/icOffice/ICOfficeRouting.js","150","#/pacAuditEnterICOpinion/:pacReportId","function(params) {","AuditICController","/department/ic-office/pacAuditEnterICOpinion/:pacReportId","","Documented route missing from React","Not established; route match alone is insufficient"
"icOffice","angular/icOffice/ICOfficeRouting.js","155","#/viewPacReport/:pacReportId","function(params) {","AuditICController","/department/ic-office/viewPacReport/:pacReportId","","Documented route missing from React","Not established; route match alone is insufficient"
"icOffice","angular/icOffice/ICOfficeRouting.js","160","#/viewConditionalDecisionZO/:hearingId/:decisionId","function(params) {","IDICController","/department/ic-office/viewConditionalDecisionZO/:hearingId/:decisionId","","Documented route missing from React","Not established; route match alone is insufficient"
"icOffice","angular/icOffice/ICOfficeRouting.js","169","#/reviewConditionalComplianceIC/:hearingId/:decisionId","function(params) {","IDICController","/department/ic-office/reviewConditionalComplianceIC/:hearingId/:decisionId","","Documented route missing from React","Not established; route match alone is insufficient"
"icOffice","angular/icOffice/ICOfficeRouting.js","178","#/viewConditionalDecisionIC/:hearingId/:decisionId","function(params) {","IDICController","/department/ic-office/viewConditionalDecisionIC/:hearingId/:decisionId","","Documented route missing from React","Not established; route match alone is insufficient"
"icOffice","angular/icOffice/ICOfficeRouting.js","188","#/msmeAwardList","'msmeAwardList',","MsmeIcOfficeController","/department/ic-office/msmeAwardList","","Documented route missing from React","Not established; route match alone is insufficient"
"icOffice","angular/icOffice/ICOfficeRouting.js","191","#/viewMsmeAward/:id","function(params){ return 'viewMsmeAward/' + params.id; },","MsmeIcOfficeController","/department/ic-office/viewMsmeAward/:id","","Documented route missing from React","Not established; route match alone is insufficient"
"icOffice","angular/icOffice/ICOfficeRouting.js","195","#/editMsmeAward/:id","function(params){ return 'editMsmeAward/' + params.id; },","MsmeIcOfficeController","/department/ic-office/editMsmeAward/:id","","Documented route missing from React","Not established; route match alone is insufficient"
"icOffice","angular/icOffice/ICOfficeRouting.js","199","#/viewMsmeAwardForm/:id/:applicationId","function(params){ return 'viewMsmeAwardForm/' + params.id + '/'+ params.applicationId; },","MsmeIcOfficeController","/department/ic-office/viewMsmeAwardForm/:id/:applicationId","","Documented route missing from React","Not established; route match alone is insufficient"
"icOffice","angular/icOffice/ICOfficeRouting.js","204","#/msmeAwardApplicantsList","'msmeAwardApplicantsList',","MsmeIcOfficeController","/department/ic-office/msmeAwardApplicantsList","","Documented route missing from React","Not established; route match alone is insufficient"
"id","angular/id/IDRouting.js","19","#/updateprofile","'updateprofile',","CommonController","/department/id/profile","","Documented route missing from React","Not established; route match alone is insufficient"
"id","angular/id/IDRouting.js","22","#/changepassword","'changepassword',","CommonController","/department/id/change-password","","Documented route missing from React","Not established; route match alone is insufficient"
"id","angular/id/IDRouting.js","25","#/firstPasswordChange","'firstPasswordChange',","CommonController","/department/id/first-password-change","","Documented route missing from React","Not established; route match alone is insufficient"
"id","angular/id/IDRouting.js","28","#/success","'success'","","/department/id/success","","Documented route missing from React","Not established; route match alone is insufficient"
"id","angular/id/IDRouting.js","32","#/dashboard","'dashboard'","","/department/id/dashboard","DepartmentDashboard","Static dashboard; reused for other routes","Not established; route match alone is insufficient"
"id","angular/id/IDRouting.js","34","#/letterList","'letterList',","CommonController","/department/id/letterList","","Documented route missing from React","Not established; route match alone is insufficient"
"id","angular/id/IDRouting.js","37","#/viewLetter/:letterId","function(params) {","CommonController","/department/id/viewLetter/:letterId","","Documented route missing from React","Not established; route match alone is insufficient"
"id","angular/id/IDRouting.js","43","#/updateProcess/:letterId","function(params) {","CommonController","/department/id/updateProcess/:letterId","","Documented route missing from React","Not established; route match alone is insufficient"
"id","angular/id/IDRouting.js","48","#/loadHistory/:letterId","function(params) {","CommonController","/department/id/loadHistory/:letterId","","Documented route missing from React","Not established; route match alone is insufficient"
"id","angular/id/IDRouting.js","55","#/vacantLands","'vacantLands',","IDSectionController","/department/id/vacantLands","","Documented route missing from React","Not established; route match alone is insufficient"
"id","angular/id/IDRouting.js","58","#/viewVancatLand/:vacantLandId","function(params) {","IDSectionController","/department/id/viewVancatLand/:vacantLandId","","Documented route missing from React","Not established; route match alone is insufficient"
"id","angular/id/IDRouting.js","63","#/viewAppliedApplicants/:vacantLandId","function(params){ return 'viewAppliedApplicants/' + params.vacantLandId; },","IDSectionController","/department/id/viewAppliedApplicants/:vacantLandId","","Documented route missing from React","Not established; route match alone is insufficient"
"id","angular/id/IDRouting.js","66","#/landApplications","'landApplications',","IDSectionController","/department/id/landApplications","","Documented route missing from React","Not established; route match alone is insufficient"
"id","angular/id/IDRouting.js","69","#/landApplications/:filterStatusId","function(params){ return 'landApplications/'},","IDSectionController","/department/id/landApplications/:filterStatusId","","Documented route missing from React","Not established; route match alone is insufficient"
"id","angular/id/IDRouting.js","72","#/viewAnnualPaymentHistory/:applicantId","function(params) {","IDSectionController","/department/id/viewAnnualPaymentHistory/:applicantId","","Documented route missing from React","Not established; route match alone is insufficient"
"id","angular/id/IDRouting.js","77","#/viewIdApplicantHistory/:applicantId/:vacantLandId","function(params) {","IDSectionController","/department/id/viewIdApplicantHistory/:applicantId/:vacantLandId","","Documented route missing from React","Not established; route match alone is insufficient"
"id","angular/id/IDRouting.js","82","#/noticeAndAppealDetails","'noticeAndAppealDetails',","IDSectionController","/department/id/noticeAndAppealDetails","","Documented route missing from React","Not established; route match alone is insufficient"
"id","angular/id/IDRouting.js","85","#/viewNoticeHistory/:noticeId","function(params) {","IDSectionController","/department/id/viewNoticeHistory/:noticeId","","Documented route missing from React","Not established; route match alone is insufficient"
"id","angular/id/IDRouting.js","90","#/viewZOAppeal/:appealId","function(params) {","IDSectionController","/department/id/viewZOAppeal/:appealId","","Documented route missing from React","Not established; route match alone is insufficient"
"id","angular/id/IDRouting.js","95","#/viewZOAppealHearing/:appealHearingId","function(params) {","IDSectionController","/department/id/viewZOAppealHearing/:appealHearingId","","Documented route missing from React","Not established; route match alone is insufficient"
"id","angular/id/IDRouting.js","100","#/viewConditionalDecisionZO/:hearingId/:decisionId","function(params) {","IDSectionController","/department/id/viewConditionalDecisionZO/:hearingId/:decisionId","","Documented route missing from React","Not established; route match alone is insufficient"
"id","angular/id/IDRouting.js","109","#/viewICAppeal/:appealId","function(params) {","IDSectionController","/department/id/viewICAppeal/:appealId","","Documented route missing from React","Not established; route match alone is insufficient"
"id","angular/id/IDRouting.js","114","#/viewICAppealHearing/:appealHearingId","function(params) {","IDSectionController","/department/id/viewICAppealHearing/:appealHearingId","","Documented route missing from React","Not established; route match alone is insufficient"
"id","angular/id/IDRouting.js","119","#/viewConditionalDecisionIC/:hearingId/:decisionId","function(params) {","IDSectionController","/department/id/viewConditionalDecisionIC/:hearingId/:decisionId","","Documented route missing from React","Not established; route match alone is insufficient"
"id","angular/id/IDRouting.js","128","#/viewApplicationDetail/:applicantId/:vacantLandId","function(params) {","IDSectionController","/department/id/viewApplicationDetail/:applicantId/:vacantLandId","","Documented route missing from React","Not established; route match alone is insufficient"
"id","angular/id/IDRouting.js","137","#/viewAnnualPaymentDetails/:paymentId","function(params) {","IDSectionController","/department/id/viewAnnualPaymentDetails/:paymentId","","Documented route missing from React","Not established; route match alone is insufficient"
"id","angular/id/IDRouting.js","143","#/holdApplications","'holdApplications',","IDSectionController","/department/id/holdApplications","","Documented route missing from React","Not established; route match alone is insufficient"
"id","angular/id/IDRouting.js","147","#/powerBiDashbord","'powerBiDashbord',","IDSectionController","/department/id/powerBiDashbord","","Documented route missing from React","Not established; route match alone is insufficient"
"id","angular/id/IDRouting.js","151","#/legacyData","'legacyData',","IDSectionController","/department/id/legacyData","","Documented route missing from React","Not established; route match alone is insufficient"
"id","angular/id/IDRouting.js","155","#/legacyData1","'legacyData1',","IDSectionController","/department/id/legacyData1","","Documented route missing from React","Not established; route match alone is insufficient"
"id","angular/id/IDRouting.js","160","#/viewAllUsers","'viewAllUsers',","IDSectionController","/department/id/viewAllUsers","","Documented route missing from React","Not established; route match alone is insufficient"
"id","angular/id/IDRouting.js","166","#/completeDataOfLandApplicant","'completeDataOfLandApplicant',","IDSectionController","/department/id/completeDataOfLandApplicant","","Documented route missing from React","Not established; route match alone is insufficient"
"id","angular/id/IDRouting.js","170","#/esignPaymentPendencyReport","'esignPaymentPendencyReport',","IDSectionController","/department/id/esignPaymentPendencyReport","","Documented route missing from React","Not established; route match alone is insufficient"
"id","angular/id/IDRouting.js","175","#/releaseApplications","'releaseApplications',","IDSectionController","/department/id/releaseApplications","","Documented route missing from React","Not established; route match alone is insufficient"
"id","angular/id/IDRouting.js","180","#/holdLand/:vacantLandId","function(params) {","IDSectionController","/department/id/holdLand/:vacantLandId","","Documented route missing from React","Not established; route match alone is insufficient"
"ldm","angular/ldm/LdmRouting.js","4","#/dashboard","'dashboard',","LdmController","/department/ldm/dashboard","DepartmentDashboard","Static dashboard; reused for other routes","Not established; route match alone is insufficient"
"ldm","angular/ldm/LdmRouting.js","8","#/verification","'verification',","LdmController","/department/ldm/verification","","Documented route missing from React","Not established; route match alone is insufficient"
"ldm","angular/ldm/LdmRouting.js","12","#/batches","'batches',","LdmController","/department/ldm/batches","","Documented route missing from React","Not established; route match alone is insufficient"
"ldm","angular/ldm/LdmRouting.js","17","#/fa/viewfaapplicantdetailunitnew/:applicationId","'fa/viewfaapplicantdetailunitnew',","FaViewController","/department/ldm/fa/viewfaapplicantdetailunitnew/:applicationId","","Documented route missing from React","Not established; route match alone is insufficient"
"ldm","angular/ldm/LdmRouting.js","23","#/fa/viewfaapplicantHistory/:applicationId/:establishmentType","function(params) { return 'viewFaHistory/' + params.applicationId + '/' + params.establishmentType; },","FaViewController","/department/ldm/fa/viewfaapplicantHistory/:applicationId/:establishmentType","","Documented route missing from React","Not established; route match alone is insufficient"
"ldm","angular/ldm/LdmRouting.js","28","#/detail/:applicationNo","function(params) {","LdmController","/department/ldm/detail/:applicationNo","","Documented route missing from React","Not established; route match alone is insufficient"
"legal","angular/legal/LegalOicRouting.js","17","#/updateprofile","'updateprofile',","CommonController","/department/legal-oic/profile","","Documented route missing from React","Not established; route match alone is insufficient"
"legal","angular/legal/LegalOicRouting.js","20","#/changepassword","'changepassword',","CommonController","/department/legal-oic/change-password","","Documented route missing from React","Not established; route match alone is insufficient"
"legal","angular/legal/LegalOicRouting.js","23","#/firstPasswordChange","'firstPasswordChange',","CommonController","/department/legal-oic/first-password-change","","Documented route missing from React","Not established; route match alone is insufficient"
"legal","angular/legal/LegalOicRouting.js","26","#/success","'success'","","/department/legal-oic/success","","Documented route missing from React","Not established; route match alone is insufficient"
"legal","angular/legal/LegalOicRouting.js","30","#/dashboard","'dashboard',","LegalOICController","/department/legal-oic/dashboard","DepartmentDashboard","Static dashboard; reused for other routes","Not established; route match alone is insufficient"
"legal","angular/legal/LegalOicRouting.js","33","#/oicCaseList","'oicCaseList',","LegalOICController","/department/legal-oic/oicCaseList","","Documented route missing from React","Not established; route match alone is insufficient"
"legal","angular/legal/LegalOicRouting.js","36","#/oicViewCase/:caseId","function(params) {","LegalOICController","/department/legal-oic/oicViewCase/:caseId","","Documented route missing from React","Not established; route match alone is insufficient"
"legal","angular/legal/LegalOicRouting.js","41","#/viewOICCaseDetails/:caseId","function(params) {","LegalOICController","/department/legal-oic/viewOICCaseDetails/:caseId","","Documented route missing from React","Not established; route match alone is insufficient"
"legal","angular/legal/LegalOicRouting.js","46","#/addOICCaseHearing/:caseId","function(params) {","LegalOICController","/department/legal-oic/addOICCaseHearing/:caseId","","Documented route missing from React","Not established; route match alone is insufficient"
"legal","angular/legal/LegalOicRouting.js","51","#/viewOICCaseHearing/:caseHearingId","function(params) {","LegalOICController","/department/legal-oic/viewOICCaseHearing/:caseHearingId","","Documented route missing from React","Not established; route match alone is insufficient"
"legal","angular/legal/LegalRouting.js","18","#/updateprofile","'updateprofile',","CommonController","/department/legal/profile","","Documented route missing from React","Not established; route match alone is insufficient"
"legal","angular/legal/LegalRouting.js","21","#/changepassword","'changepassword',","CommonController","/department/legal/change-password","","Documented route missing from React","Not established; route match alone is insufficient"
"legal","angular/legal/LegalRouting.js","24","#/firstPasswordChange","'firstPasswordChange',","CommonController","/department/legal/first-password-change","","Documented route missing from React","Not established; route match alone is insufficient"
"legal","angular/legal/LegalRouting.js","27","#/success","'success'","","/department/legal/success","","Documented route missing from React","Not established; route match alone is insufficient"
"legal","angular/legal/LegalRouting.js","31","#/dashboard","'dashboard',","LegalController","/department/legal/dashboard","DepartmentDashboard","Static dashboard; reused for other routes","Not established; route match alone is insufficient"
"legal","angular/legal/LegalRouting.js","34","#/addOic","'addOic',","LegalController","/department/legal/addOic","","Documented route missing from React","Not established; route match alone is insufficient"
"legal","angular/legal/LegalRouting.js","37","#/oicList","'oicList',","LegalController","/department/legal/oicList","","Documented route missing from React","Not established; route match alone is insufficient"
"legal","angular/legal/LegalRouting.js","40","#/viewOIC/:userId","function(params) {","LegalController","/department/legal/viewOIC/:userId","","Documented route missing from React","Not established; route match alone is insufficient"
"legal","angular/legal/LegalRouting.js","45","#/createCase","'createCase',","LegalController","/department/legal/createCase","","Documented route missing from React","Not established; route match alone is insufficient"
"legal","angular/legal/LegalRouting.js","48","#/caseList","'caseList',","LegalController","/department/legal/caseList","","Documented route missing from React","Not established; route match alone is insufficient"
"legal","angular/legal/LegalRouting.js","51","#/viewCase/:caseId","function(params) {","LegalController","/department/legal/viewCase/:caseId","","Documented route missing from React","Not established; route match alone is insufficient"
"legal","angular/legal/LegalRouting.js","56","#/viewPrintCase/:caseId","function(params) {","LegalController","/department/legal/viewPrintCase/:caseId","","Documented route missing from React","Not established; route match alone is insufficient"
"legal","angular/legal/LegalRouting.js","62","#/viewCaseDetails/:caseId","function(params) {","LegalController","/department/legal/viewCaseDetails/:caseId","","Documented route missing from React","Not established; route match alone is insufficient"
"legal","angular/legal/LegalRouting.js","67","#/addCaseHearing/:caseId","function(params) {","LegalController","/department/legal/addCaseHearing/:caseId","","Documented route missing from React","Not established; route match alone is insufficient"
"legal","angular/legal/LegalRouting.js","72","#/viewCaseHearing/:caseHearingId","function(params) {","LegalController","/department/legal/viewCaseHearing/:caseHearingId","","Documented route missing from React","Not established; route match alone is insufficient"
"legal","angular/legal/LegalRouting.js","77","#/viewPrintCaseHearing/:caseHearingId","function(params) {","LegalController","/department/legal/viewPrintCaseHearing/:caseHearingId","","Documented route missing from React","Not established; route match alone is insufficient"
"legal","angular/legal/LegalRouting.js","83","#/reopenCase","'reopenCase',","LegalController","/department/legal/reopenCase","","Documented route missing from React","Not established; route match alone is insufficient"
"legal","angular/legal/LegalRouting.js","86","#/resetPassword/:userId","function(params) {","LegalController","/department/legal/resetPassword/:userId","","Documented route missing from React","Not established; route match alone is insufficient"
"legal","angular/legal/LegalRouting.js","93","#/letterList","'letterList',","CommonController","/department/legal/letterList","","Documented route missing from React","Not established; route match alone is insufficient"
"legal","angular/legal/LegalRouting.js","96","#/viewLetter/:letterId","function(params) {","CommonController","/department/legal/viewLetter/:letterId","","Documented route missing from React","Not established; route match alone is insufficient"
"legal","angular/legal/LegalRouting.js","102","#/updateProcess/:letterId","function(params) {","CommonController","/department/legal/updateProcess/:letterId","","Documented route missing from React","Not established; route match alone is insufficient"
"legal","angular/legal/LegalRouting.js","107","#/loadHistory/:letterId","function(params) {","CommonController","/department/legal/loadHistory/:letterId","","Documented route missing from React","Not established; route match alone is insufficient"
"mbfc","angular/mbfc/MBFCRouting.js","19","#/updateprofile","'updateprofile',","CommonController","/department/mbfc/profile","","Documented route missing from React","Not established; route match alone is insufficient"
"mbfc","angular/mbfc/MBFCRouting.js","22","#/changepassword","'changepassword',","CommonController","/department/mbfc/change-password","","Documented route missing from React","Not established; route match alone is insufficient"
"mbfc","angular/mbfc/MBFCRouting.js","25","#/firstPasswordChange","'firstPasswordChange',","CommonController","/department/mbfc/first-password-change","","Documented route missing from React","Not established; route match alone is insufficient"
"mbfc","angular/mbfc/MBFCRouting.js","28","#/success","'success'","","/department/mbfc/success","","Documented route missing from React","Not established; route match alone is insufficient"
"mbfc","angular/mbfc/MBFCRouting.js","32","#/dashboard","'dashboard',","MBFCController","/department/mbfc/dashboard","DepartmentDashboard","Static dashboard; reused for other routes","Not established; route match alone is insufficient"
"mbfc","angular/mbfc/MBFCRouting.js","35","#/incubationRegistrations","'incubationRegistrations',","MBFCController","/department/mbfc/incubationRegistrations","","Documented route missing from React","Not established; route match alone is insufficient"
"mbfc","angular/mbfc/MBFCRouting.js","38","#/startupRegistrations","'startupRegistrations',","MBFCController","/department/mbfc/startupRegistrations","","Documented route missing from React","Not established; route match alone is insufficient"
"mbfc","angular/mbfc/MBFCRouting.js","41","#/startupBenefitsRegistrations","'startupBenefitsRegistrations',","MBFCController","/department/mbfc/startupBenefitsRegistrations","","Documented route missing from React","Not established; route match alone is insufficient"
"mbfc","angular/mbfc/MBFCRouting.js","44","#/viewIncubationRegistration/:incubationRegistrationId","function(params) {","MBFCController","/department/mbfc/viewIncubationRegistration/:incubationRegistrationId","","Documented route missing from React","Not established; route match alone is insufficient"
"mbfc","angular/mbfc/MBFCRouting.js","54","#/viewStartupRegistration/:startupId","function(params) {","MBFCController","/department/mbfc/viewStartupRegistration/:startupId","","Documented route missing from React","Not established; route match alone is insufficient"
"mbfc","angular/mbfc/MBFCRouting.js","63","#/lodgedGrievances","'lodgedGrievances',","MBFCController","/department/mbfc/lodgedGrievances","","Documented route missing from React","Not established; route match alone is insufficient"
"mbfc","angular/mbfc/MBFCRouting.js","66","#/viewGrievanceRedressal/:grievanceId","function(params) {","MBFCController","/department/mbfc/viewGrievanceRedressal/:grievanceId","","Documented route missing from React","Not established; route match alone is insufficient"
"mbfc","angular/mbfc/MBFCRouting.js","76","#/grievanceSendReminder/:grievanceId","function(params){ return 'grievanceSendReminder/' + params.grievanceId; },","MBFCController","/department/mbfc/grievanceSendReminder/:grievanceId","","Documented route missing from React","Not established; route match alone is insufficient"
"mbfc","angular/mbfc/MBFCRouting.js","80","#/grievanceReplyForm/:grievanceId","function(params){ return 'grievanceReplyForm/' + params.grievanceId; },","MBFCController","/department/mbfc/grievanceReplyForm/:grievanceId","","Documented route missing from React","Not established; route match alone is insufficient"
"mbfc","angular/mbfc/MBFCRouting.js","85","#/supportQueries","'supportQueries',","MBFCController","/department/mbfc/supportQueries","","Documented route missing from React","Not established; route match alone is insufficient"
"mbfc","angular/mbfc/MBFCRouting.js","88","#/startupBenefitsViewPrintForm/:startupId","function(params){ return 'startupBenefitsViewPrintForm/' + params.startupId; },","MBFCController","/department/mbfc/startupBenefitsViewPrintForm/:startupId","","Documented route missing from React","Not established; route match alone is insufficient"
"msefc","angular/msefc/MSEFCRouting.js","18","#/updateprofile","'updateprofile',","CommonController","/department/msefc/profile","","Documented route missing from React","Not established; route match alone is insufficient"
"msefc","angular/msefc/MSEFCRouting.js","21","#/dashboard","'dashboard',","MSEFCController","/department/msefc/dashboard","DepartmentDashboard","Static dashboard; reused for other routes","Not established; route match alone is insufficient"
"msefc","angular/msefc/MSEFCRouting.js","24","#/changepassword","'changepassword',","CommonController","/department/msefc/change-password","","Documented route missing from React","Not established; route match alone is insufficient"
"msefc","angular/msefc/MSEFCRouting.js","27","#/firstPasswordChange","'firstPasswordChange',","CommonController","/department/msefc/first-password-change","","Documented route missing from React","Not established; route match alone is insufficient"
"msefc","angular/msefc/MSEFCRouting.js","30","#/success","'success'","","/department/msefc/success","","Documented route missing from React","Not established; route match alone is insufficient"
"msefc","angular/msefc/MSEFCRouting.js","34","#/viewmsefcform","'viewmsefcform',","MSEFCController","/department/msefc/viewmsefcform","","Documented route missing from React","Not established; route match alone is insufficient"
"msefc","angular/msefc/MSEFCRouting.js","37","#/caseList","'caseList',","MSEFCController","/department/msefc/caseList","","Documented route missing from React","Not established; route match alone is insufficient"
"msefc","angular/msefc/MSEFCRouting.js","40","#/editCase/:caseId","function(params) {","MSEFCController","/department/msefc/editCase/:caseId","","Documented route missing from React","Not established; route match alone is insufficient"
"msefc","angular/msefc/MSEFCRouting.js","45","#/viewCase/:caseId","function(params) {","MSEFCController","/department/msefc/viewCase/:caseId","","Documented route missing from React","Not established; route match alone is insufficient"
"msefc","angular/msefc/MSEFCRouting.js","51","#/updateCase/:caseId","function(params) {","MSEFCController","/department/msefc/updateCase/:caseId","","Documented route missing from React","Not established; route match alone is insufficient"
"msefc","angular/msefc/MSEFCRouting.js","56","#/viewCaseHearing/:caseId","function(params) {","MSEFCController","/department/msefc/viewCaseHearing/:caseId","","Documented route missing from React","Not established; route match alone is insufficient"
"msefc","angular/msefc/MSEFCRouting.js","64","#/caseListLanding","'caseListLanding',","MSEFCLandingPageController","/department/msefc/caseListLanding","","Documented route missing from React","Not established; route match alone is insufficient"
"msefc","angular/msefc/MSEFCRouting.js","67","#/viewCaseLanding/:caseId","function(params) {","MSEFCLandingPageController","/department/msefc/viewCaseLanding/:caseId","","Documented route missing from React","Not established; route match alone is insufficient"
"msefc","angular/msefc/MSEFCRouting.js","74","#/letterList","'letterList',","CommonController","/department/msefc/letterList","","Documented route missing from React","Not established; route match alone is insufficient"
"msefc","angular/msefc/MSEFCRouting.js","77","#/viewLetter/:letterId","function(params) {","CommonController","/department/msefc/viewLetter/:letterId","","Documented route missing from React","Not established; route match alone is insufficient"
"msefc","angular/msefc/MSEFCRouting.js","83","#/updateProcess/:letterId","function(params) {","CommonController","/department/msefc/updateProcess/:letterId","","Documented route missing from React","Not established; route match alone is insufficient"
"msefc","angular/msefc/MSEFCRouting.js","88","#/loadHistory/:letterId","function(params) {","CommonController","/department/msefc/loadHistory/:letterId","","Documented route missing from React","Not established; route match alone is insufficient"
"msme","angular/msme/MsmeRouting.js","19","#/updateprofile","'updateprofile',","CommonController","/department/msme/profile","","Documented route missing from React","Not established; route match alone is insufficient"
"msme","angular/msme/MsmeRouting.js","22","#/changepassword","'changepassword',","CommonController","/department/msme/change-password","","Documented route missing from React","Not established; route match alone is insufficient"
"msme","angular/msme/MsmeRouting.js","25","#/firstPasswordChange","'firstPasswordChange',","CommonController","/department/msme/first-password-change","","Documented route missing from React","Not established; route match alone is insufficient"
"msme","angular/msme/MsmeRouting.js","28","#/success","'success'","","/department/msme/success","","Documented route missing from React","Not established; route match alone is insufficient"
"msme","angular/msme/MsmeRouting.js","32","#/dashboard","'dashboard',","MsmeController","/department/msme/dashboard","DepartmentDashboard","Static dashboard; reused for other routes","Not established; route match alone is insufficient"
"msme","angular/msme/MsmeRouting.js","35","#/msmeAwardList","'msmeAwardList',","MsmeController","/department/msme/msmeAwardList","","Documented route missing from React","Not established; route match alone is insufficient"
"msme","angular/msme/MsmeRouting.js","39","#/msmeawardsingleform","'msmeawardsingleform',","MsmeController","/department/msme/msmeawardsingleform","","Documented route missing from React","Not established; route match alone is insufficient"
"msme","angular/msme/MsmeRouting.js","45","#/evalutionStageform","'evalutionStageform',","MsmeController","/department/msme/evalutionStageform","","Documented route missing from React","Not established; route match alone is insufficient"
"msme","angular/msme/MsmeRouting.js","49","#/viewMsmeAward/:id","function(params){ return 'viewMsmeAward/' + params.id; },","MsmeController","/department/msme/viewMsmeAward/:id","","Documented route missing from React","Not established; route match alone is insufficient"
"msme","angular/msme/MsmeRouting.js","53","#/editMsmeAward/:id","function(params){ return 'editMsmeAward/' + params.id; },","MsmeController","/department/msme/editMsmeAward/:id","","Documented route missing from React","Not established; route match alone is insufficient"
"msme","angular/msme/MsmeRouting.js","57","#/viewMsmeAwardForm/:id/:applicationId","function(params){ return 'viewMsmeAwardForm/' + params.id + '/'+ params.applicationId; },","MsmeController","/department/msme/viewMsmeAwardForm/:id/:applicationId","","Documented route missing from React","Not established; route match alone is insufficient"
"msme","angular/msme/MsmeRouting.js","62","#/msmeAwardApplicantsList","'msmeAwardApplicantsList',","MsmeController","/department/msme/msmeAwardApplicantsList","","Documented route missing from React","Not established; route match alone is insufficient"
"msme","angular/msme/MsmeRouting.js","67","#/msmeStartupAwardList","'msmeStartupAwardList',","MsmeController","/department/msme/msmeStartupAwardList","","Documented route missing from React","Not established; route match alone is insufficient"
"msme","angular/msme/MsmeRouting.js","71","#/viewStartupAwardForm/:id","function(params){ return 'viewStartupAwardForm/' + params.id; },","MsmeController","/department/msme/viewStartupAwardForm/:id","","Documented route missing from React","Not established; route match alone is insufficient"
"msme","angular/msme/MsmeRouting.js","77","#/evalutionCommittteform/:id","function(params){ return 'evalutionCommittteform/' + params.id; },","MsmeController","/department/msme/evalutionCommittteform/:id","","Documented route missing from React","Not established; route match alone is insufficient"
"msme","angular/msme/MsmeRouting.js","81","#/applicantListForm/:id","function(params){ return 'applicantListForm/' + params.id; },","MsmeController","/department/msme/applicantListForm/:id","","Documented route missing from React","Not established; route match alone is insufficient"
"msme","angular/msme/MsmeRouting.js","86","#/evaluation/:id/:awardId/:awardFinancialYear/:applicationNo","function(params){ return 'evaluation/' + params.id + '/'+ params.awardId +'/'+ params.awardFinancialYear +'/'+params.applicationNo ; },","MsmeController","/department/msme/evaluation/:id/:awardId/:awardFinancialYear/:applicationNo","","Documented route missing from React","Not established; route match alone is insufficient"
"msme","angular/msme/MsmeRouting.js","90","#/editEvaluation/:id/:awardId/:awardFinancialYear/:applicationNo","function(params){ return 'editEvaluation/' + params.id + '/'+ params.awardId +'/'+ params.awardFinancialYear+'/'+params.applicationNo ; },","MsmeController","/department/msme/editEvaluation/:id/:awardId/:awardFinancialYear/:applicationNo","","Documented route missing from React","Not established; route match alone is insufficient"
"msme","angular/msme/MsmeRouting.js","94","#/msmeAwardCommitteeEvalList","'evalutionHOforCommitteeMember',","MsmeController","/department/msme/msmeAwardCommitteeEvalList","","Documented route missing from React","Not established; route match alone is insufficient"
"msme","angular/msme/MsmeRouting.js","98","#/openApplicantForHOEvaluation/:id/:awardStatusId","function(params){ return 'openApplicantForHOEvaluation/' + params.id + '/'+ params.awardStatusId; },","MsmeController","/department/msme/openApplicantForHOEvaluation/:id/:awardStatusId","","Documented route missing from React","Not established; route match alone is insufficient"
"msme","angular/msme/MsmeRouting.js","103","#/viewApplicantForHOEvaluation/:id/:awardStatusId","function(params){ return 'viewApplicantForHOEvaluation/' + params.id + '/'+ params.awardStatusId; },","MsmeController","/department/msme/viewApplicantForHOEvaluation/:id/:awardStatusId","","Documented route missing from React","Not established; route match alone is insufficient"
"msme","angular/msme/MsmeRouting.js","107","#/declareResult/:id","function(params){ return 'declareResult/' + params.id; },","MsmeController","/department/msme/declareResult/:id","","Documented route missing from React","Not established; route match alone is insufficient"
"msme","angular/msme/MsmeRouting.js","111","#/viewWinners/:id","function(params){ return 'viewWinners/' + params.id; },","MsmeController","/department/msme/viewWinners/:id","","Documented route missing from React","Not established; route match alone is insufficient"
"secretary","angular/secretary/SecretaryRouting.js","4","#/dashboard","'dashboard',","SecretaryController","/department/secretary/dashboard","DepartmentDashboard","Static dashboard; reused for other routes","Not established; route match alone is insufficient"
"secretary","angular/secretary/SecretaryRouting.js","8","#/verification","'verification',","SecretaryController","/department/secretary/verification","","Documented route missing from React","Not established; route match alone is insufficient"
"secretary","angular/secretary/SecretaryRouting.js","12","#/batches","'batches',","SecretaryController","/department/secretary/batches","","Documented route missing from React","Not established; route match alone is insufficient"
"secretary","angular/secretary/SecretaryRouting.js","17","#/fa/viewfaapplicantdetailunitnew/:applicationId","'fa/viewfaapplicantdetailunitnew',","FaViewController","/department/secretary/fa/viewfaapplicantdetailunitnew/:applicationId","","Documented route missing from React","Not established; route match alone is insufficient"
"secretary","angular/secretary/SecretaryRouting.js","23","#/fa/viewfaapplicantHistory/:applicationId/:establishmentType","function(params) { return 'viewFaHistory/' + params.applicationId + '/' + params.establishmentType; },","FaViewController","/department/secretary/fa/viewfaapplicantHistory/:applicationId/:establishmentType","","Documented route missing from React","Not established; route match alone is insufficient"
"secretary","angular/secretary/SecretaryRouting.js","28","#/detail/:applicationNo","function(params) {","SecretaryController","/department/secretary/detail/:applicationNo","","Documented route missing from React","Not established; route match alone is insufficient"
"selfemployment","angular/selfemployment/routing.js","16","#/updateprofile","'updateprofile',","CommonController","/applicant/self-employment/profile","","Documented route missing from React","Not established; route match alone is insufficient"
"selfemployment","angular/selfemployment/routing.js","20","#/changepassword","'changepassword',","CommonController","/applicant/self-employment/change-password","","Documented route missing from React","Not established; route match alone is insufficient"
"selfemployment","angular/selfemployment/routing.js","24","#/firstPasswordChange","'firstPasswordChange',","CommonController","/applicant/self-employment/first-password-change","","Documented route missing from React","Not established; route match alone is insufficient"
"selfemployment","angular/selfemployment/routing.js","28","#/success","'success'","","/applicant/self-employment/success","","Documented route missing from React","Not established; route match alone is insufficient"
"selfemployment","angular/selfemployment/routing.js","32","#/dashboard","'dashboard'","","/applicant/self-employment/dashboard","","Documented route missing from React","Not established; route match alone is insufficient"
"selfemployment","angular/selfemployment/routing.js","35","#/yuvaudyami","'yuvaudyami',","YuvaUdyamiController","/applicant/self-employment/yuvaudyami","","Documented route missing from React","Not established; route match alone is insufficient"
"selfemployment","angular/selfemployment/routing.js","39","#/newYuvaUdyamiForm","'newYuvaUdyamiForm',","YuvaUdyamiController","/applicant/self-employment/newYuvaUdyamiForm","","Documented route missing from React","Not established; route match alone is insufficient"
"selfemployment","angular/selfemployment/routing.js","43","#/viewYuvaUdyamiDetail/:applicantId","'viewYuvaUdyamiDetail',","YuvaUdyamiController","/applicant/self-employment/viewYuvaUdyamiDetail/:applicantId","","Documented route missing from React","Not established; route match alone is insufficient"
"selfemployment","angular/selfemployment/routing.js","47","#/viewYuvaDocumentDetail/:applicantId","function(params){ return 'viewYuvaDocumentDetail/' + params.applicantId; },","YuvaUdyamiController","/applicant/self-employment/viewYuvaDocumentDetail/:applicantId","","Documented route missing from React","Not established; route match alone is insufficient"
"selfemployment","angular/selfemployment/routing.js","51","#/mpselfemployment","'mpselfemployment',","MPSelfEmploymentController","/applicant/self-employment/mpselfemployment","","Documented route missing from React","Not established; route match alone is insufficient"
"selfemployment","angular/selfemployment/routing.js","55","#/newapplicantform","'newapplicantform',","MPSelfEmploymentController","/applicant/self-employment/newapplicantform","","Documented route missing from React","Not established; route match alone is insufficient"
"selfemployment","angular/selfemployment/routing.js","59","#/viewapplicantdetail/:applicantId","'viewapplicantdetail',","MPSelfEmploymentController","/applicant/self-employment/viewapplicantdetail/:applicantId","","Documented route missing from React","Not established; route match alone is insufficient"
"selfemployment","angular/selfemployment/routing.js","63","#/viewdocumentdetail/:applicantId","function(params){ return 'viewdocumentdetail/' + params.applicantId; },","MPSelfEmploymentController","/applicant/self-employment/viewdocumentdetail/:applicantId","","Documented route missing from React","Not established; route match alone is insufficient"
"selfemployment","angular/selfemployment/routing.js","67","#/viewschemedetailform/:applicantId","function(params){ return 'viewschemedetailform/' + params.applicantId; },","MPIndustrySchemeController","/applicant/self-employment/viewschemedetailform/:applicantId","","Documented route missing from React","Not established; route match alone is insufficient"
"selfemployment","angular/selfemployment/routing.js","71","#/viewprojectreportform/:applicantId","function(params){ return 'viewprojectreportform/' + params.applicantId; },","MPIndustrySchemeController","/applicant/self-employment/viewprojectreportform/:applicantId","","Documented route missing from React","Not established; route match alone is insufficient"
"startupCenter","angular/startupCenter/StartupCenterRouting.js","19","#/updateprofile","'updateprofile',","CommonController","/department/startup-center/profile","","Documented route missing from React","Not established; route match alone is insufficient"
"startupCenter","angular/startupCenter/StartupCenterRouting.js","22","#/changepassword","'changepassword',","CommonController","/department/startup-center/change-password","","Documented route missing from React","Not established; route match alone is insufficient"
"startupCenter","angular/startupCenter/StartupCenterRouting.js","25","#/firstPasswordChange","'firstPasswordChange',","CommonController","/department/startup-center/first-password-change","","Documented route missing from React","Not established; route match alone is insufficient"
"startupCenter","angular/startupCenter/StartupCenterRouting.js","28","#/success","'success'","","/department/startup-center/success","","Documented route missing from React","Not established; route match alone is insufficient"
"startupCenter","angular/startupCenter/StartupCenterRouting.js","31","#/dashboard","'dashboard',","StartupCenterController","/department/startup-center/dashboard","DepartmentDashboard","Static dashboard; reused for other routes","Not established; route match alone is insufficient"
"startupCenter","angular/startupCenter/StartupCenterRouting.js","36","#/fa/faManageStartupFundAssistance","'fa/faManageStartupFundAssistance',","StartupCenterController","/department/startup-center/fa/faManageStartupFundAssistance","","Documented route missing from React","Not established; route match alone is insufficient"
"startupCenter","angular/startupCenter/StartupCenterRouting.js","40","#/fa/faManageIncubatorDetailList","'fa/faManageIncubatorDetailList',","StartupCenterController","/department/startup-center/fa/faManageIncubatorDetailList","","Documented route missing from React","Not established; route match alone is insufficient"
"startupCenter","angular/startupCenter/StartupCenterRouting.js","45","#/fa/printFAIncubatorFundingAssistance/:id","function(params) {","StartupCenterController","/department/startup-center/fa/printFAIncubatorFundingAssistance/:id","","Documented route missing from React","Not established; route match alone is insufficient"
"startupCenter","angular/startupCenter/StartupCenterRouting.js","52","#/fa/printFAStartupFundingAssistance/:id","function(params)","StartupCenterController","/department/startup-center/fa/printFAStartupFundingAssistance/:id","","Documented route missing from React","Not established; route match alone is insufficient"
"startupCenter","angular/startupCenter/StartupCenterRouting.js","62","#/fa/newapplicantform/:id","function(params)","StartupCenterController","/department/startup-center/fa/newapplicantform/:id","","Documented route missing from React","Not established; route match alone is insufficient"
"startupCenter","angular/startupCenter/StartupCenterRouting.js","74","#/fa/faManageStartupFundAssistanceNew","'fa/faManageStartupFundAssistanceNew',","StartupCenterController","/department/startup-center/fa/faManageStartupFundAssistanceNew","","Documented route missing from React","Not established; route match alone is insufficient"
"textile","angular/textile/textileRouting.js","18","#/updateprofile","'updateprofile',","CommonController","/department/textile/profile","","Documented route missing from React","Not established; route match alone is insufficient"
"textile","angular/textile/textileRouting.js","21","#/changepassword","'changepassword',","CommonController","/department/textile/change-password","","Documented route missing from React","Not established; route match alone is insufficient"
"textile","angular/textile/textileRouting.js","24","#/firstPasswordChange","'firstPasswordChange',","CommonController","/department/textile/first-password-change","","Documented route missing from React","Not established; route match alone is insufficient"
"textile","angular/textile/textileRouting.js","27","#/success","'success'","","/department/textile/success","","Documented route missing from React","Not established; route match alone is insufficient"
"textile","angular/textile/textileRouting.js","31","#/dashboard","'dashboard',","TextileController","/department/textile/dashboard","DepartmentDashboard","Static dashboard; reused for other routes","Not established; route match alone is insufficient"
"textile","angular/textile/textileRouting.js","34","#/entersubsidyclaim","'entersubsidyclaim',","TextileController","/department/textile/entersubsidyclaim","","Documented route missing from React","Not established; route match alone is insufficient"
"textile","angular/textile/textileRouting.js","37","#/subsidyclaimlist","'subsidyclaimlist',","TextileController","/department/textile/subsidyclaimlist","","Documented route missing from React","Not established; route match alone is insufficient"
"textile","angular/textile/textileRouting.js","40","#/viewprintsubsidyclaim/:id","function(params) {","TextileController","/department/textile/viewprintsubsidyclaim/:id","","Documented route missing from React","Not established; route match alone is insufficient"
"textile","angular/textile/textileRouting.js","45","#/uploadsanctionorder/:id","function(params) {","TextileController","/department/textile/uploadsanctionorder/:id","","Documented route missing from React","Not established; route match alone is insufficient"
"textile","angular/textile/textileRouting.js","50","#/uploadutilitycertificate/:id","function(params) {","TextileController","/department/textile/uploadutilitycertificate/:id","","Documented route missing from React","Not established; route match alone is insufficient"
"textile","angular/textile/textileRouting.js","55","#/viewhistory/:id","function(params) {","TextileController","/department/textile/viewhistory/:id","","Documented route missing from React","Not established; route match alone is insufficient"
"textile","angular/textile/textileRouting.js","60","#/editsubsidyclaim/:id","function(params) {","TextileController","/department/textile/editsubsidyclaim/:id","","Documented route missing from React","Not established; route match alone is insufficient"
"textile","angular/textile/textileRouting.js","67","#/letterList","'letterList',","CommonController","/department/textile/letterList","","Documented route missing from React","Not established; route match alone is insufficient"
"textile","angular/textile/textileRouting.js","70","#/viewLetter/:letterId","function(params) {","CommonController","/department/textile/viewLetter/:letterId","","Documented route missing from React","Not established; route match alone is insufficient"
"textile","angular/textile/textileRouting.js","76","#/updateProcess/:letterId","function(params) {","CommonController","/department/textile/updateProcess/:letterId","","Documented route missing from React","Not established; route match alone is insufficient"
"textile","angular/textile/textileRouting.js","81","#/loadHistory/:letterId","function(params) {","CommonController","/department/textile/loadHistory/:letterId","","Documented route missing from React","Not established; route match alone is insufficient"
"zonaloffice","angular/zonaloffice/routing.js","15","#/updateprofile","'updateprofile',","CommonController","/department/zonal/profile","","Documented route missing from React","Not established; route match alone is insufficient"
"zonaloffice","angular/zonaloffice/routing.js","19","#/changepassword","'changepassword',","CommonController","/department/zonal/change-password","","Documented route missing from React","Not established; route match alone is insufficient"
"zonaloffice","angular/zonaloffice/routing.js","23","#/firstPasswordChange","'firstPasswordChange',","CommonController","/department/zonal/first-password-change","","Documented route missing from React","Not established; route match alone is insufficient"
"zonaloffice","angular/zonaloffice/routing.js","27","#/success","'success'","","/department/zonal/success","","Documented route missing from React","Not established; route match alone is insufficient"
"zonaloffice","angular/zonaloffice/routing.js","31","#/dashboard","'dashboard'","","/department/zonal/dashboard","DepartmentDashboard","Static dashboard; reused for other routes","Not established; route match alone is insufficient"
"zonaloffice","angular/zonaloffice/routing.js","34","#/viewapplicationlist","'viewapplicationlist',","ZonalOfficeController","/department/zonal/viewapplicationlist","","Documented route missing from React","Not established; route match alone is insufficient"
"zonaloffice","angular/zonaloffice/routing.js","38","#/viewmsmedetail/:msmeDetailId","function(params){ return 'viewmsmedetail/' + params.msmeDetailId; },","ZonalOfficeController","/department/zonal/viewmsmedetail/:msmeDetailId","","Documented route missing from React","Not established; route match alone is insufficient"
"zonaloffice","angular/zonaloffice/routing.js","43","#/dtfcpendingapplicants","'dtfcpendingapplicants',","ZonalOfficeController","/department/zonal/dtfcpendingapplicants","","Documented route missing from React","Not established; route match alone is insufficient"
"zonaloffice","angular/zonaloffice/routing.js","47","#/viewapplicantdetail/:applicantId","'viewapplicantdetail',","ZonalOfficeController","/department/zonal/viewapplicantdetail/:applicantId","","Documented route missing from React","Not established; route match alone is insufficient"
"zonaloffice","angular/zonaloffice/routing.js","51","#/serviceenterprisereportform","'serviceenterprisereportform',","ZonalOfficeController","/department/zonal/serviceenterprisereportform","","Documented route missing from React","Not established; route match alone is insufficient"
"zonaloffice","angular/zonaloffice/routing.js","55","#/manufacturingenterprisereportform","'manufacturingenterprisereportform',","ZonalOfficeController","/department/zonal/manufacturingenterprisereportform","","Documented route missing from React","Not established; route match alone is insufficient"
"zonaloffice","angular/zonaloffice/routing.js","59","#/microlevelreportform","'microlevelreportform',","ZonalOfficeController","/department/zonal/microlevelreportform","","Documented route missing from React","Not established; route match alone is insufficient"
"zonaloffice","angular/zonaloffice/routing.js","63","#/smalllevelreportform","'smalllevelreportform',","ZonalOfficeController","/department/zonal/smalllevelreportform","","Documented route missing from React","Not established; route match alone is insufficient"
"zonaloffice","angular/zonaloffice/routing.js","67","#/mediumlevelreportform","'mediumlevelreportform',","ZonalOfficeController","/department/zonal/mediumlevelreportform","","Documented route missing from React","Not established; route match alone is insufficient"
"zonaloffice","angular/zonaloffice/routing.js","71","#/faapplicants","'faapplicants',","ZonalOfficeController","/department/zonal/faapplicants","","Documented route missing from React","Not established; route match alone is insufficient"
"zonaloffice","angular/zonaloffice/routing.js","75","#/viewfaapplicantdetail/:applicationId","function(params){ return 'viewfaapplicantdetail/' + params.applicationId; },","ZonalOfficeController","/department/zonal/viewfaapplicantdetail/:applicationId","","Documented route missing from React","Not established; route match alone is insufficient"
"zonaloffice","angular/zonaloffice/routing.js","80","#/viewfaschemesdetails/:applicationId","function(params){ return 'viewfaschemesdetails/' + params.applicationId; },","ZonalOfficeController","/department/zonal/viewfaschemesdetails/:applicationId","","Documented route missing from React","Not established; route match alone is insufficient"
"zonaloffice","angular/zonaloffice/routing.js","84","#/dticpendingapplicants","'dticpendingapplicants',","ZonalOfficeController","/department/zonal/dticpendingapplicants","","Documented route missing from React","Not established; route match alone is insufficient"
"zonaloffice","angular/zonaloffice/routing.js","88","#/viewapplicantdetail/:applicantId","'viewapplicantdetail',","ZonalOfficeController","/department/zonal/viewapplicantdetail/:applicantId","","Documented route missing from React","Not established; route match alone is insufficient"
"zonaloffice","angular/zonaloffice/routing.js","92","#/viewyuapplicantdetail/:applicantId","'viewyuapplicantdetail',","ZonalOfficeController","/department/zonal/viewyuapplicantdetail/:applicantId","","Documented route missing from React","Not established; route match alone is insufficient"
"zonaloffice","angular/zonaloffice/routing.js","96","#/viewdocumentdetail/:applicantId","function(params){ return 'viewdocumentdetail/' + params.applicantId; },","ZonalOfficeController","/department/zonal/viewdocumentdetail/:applicantId","","Documented route missing from React","Not established; route match alone is insufficient"
"zonaloffice","angular/zonaloffice/routing.js","100","#/viewschemedetailform/:applicantId","function(params){ return 'viewschemedetailform/' + params.applicantId; },","ZonalOfficeController","/department/zonal/viewschemedetailform/:applicantId","","Documented route missing from React","Not established; route match alone is insufficient"
"zonaloffice","angular/zonaloffice/routing.js","104","#/viewprojectreportform/:applicantId","function(params){ return 'viewprojectreportform/' + params.applicantId; },","ZonalOfficeController","/department/zonal/viewprojectreportform/:applicantId","","Documented route missing from React","Not established; route match alone is insufficient"
"zonaloffice","angular/zonaloffice/routing.js","108","#/viewyuprojectreportform/:applicantId","function(params){ return 'viewyuprojectreportform/' + params.applicantId; },","ZonalOfficeController","/department/zonal/viewyuprojectreportform/:applicantId","","Documented route missing from React","Not established; route match alone is insufficient"
"zonaloffice","angular/zonaloffice/routing.js","112","#/dticpendingyuvaudhami","'dticpendingyuvaudhami',","ZonalOfficeController","/department/zonal/dticpendingyuvaudhami","","Documented route missing from React","Not established; route match alone is insufficient"
"zonaloffice","angular/zonaloffice/routing.js","117","#/externalauditlist","'externalAuditListForZonal',","AuditZonalController","/department/zonal/externalauditlist","","Documented route missing from React","Not established; route match alone is insufficient"
"zonaloffice","angular/zonaloffice/routing.js","121","#/viewExternalAudit/:rosterId","function(params){ return 'viewExternalAudit/' + params.rosterId; },","AuditZonalController","/department/zonal/viewExternalAudit/:rosterId","","Documented route missing from React","Not established; route match alone is insufficient"
"zonaloffice","angular/zonaloffice/routing.js","125","#/zonalExternalAuditEnterOpinion/:rosterId","function(params){ return 'zonalExternalAuditEnterOpinion/' + params.rosterId; },","AuditZonalController","/department/zonal/zonalExternalAuditEnterOpinion/:rosterId","","Documented route missing from React","Not established; route match alone is insufficient"
"zonaloffice","angular/zonaloffice/routing.js","130","#/internalAuditList","'internalAuditListForZonal',","AuditZonalController","/department/zonal/internalAuditList","","Documented route missing from React","Not established; route match alone is insufficient"
"zonaloffice","angular/zonaloffice/routing.js","134","#/viewInternalAudit/:rosterId","function(params){ return 'viewInternalAudit/' + params.rosterId; },","AuditZonalController","/department/zonal/viewInternalAudit/:rosterId","","Documented route missing from React","Not established; route match alone is insufficient"
"zonaloffice","angular/zonaloffice/routing.js","138","#/zonalInternalAuditEnterOpinion/:auditRosterId","function(params){ return 'zonalInternalAuditEnterOpinion/' + params.auditRosterId; },","AuditZonalController","/department/zonal/zonalInternalAuditEnterOpinion/:auditRosterId","","Documented route missing from React","Not established; route match alone is insufficient"
"zonaloffice","angular/zonaloffice/routing.js","142","#/factualdetaillist","'factualDetailListForZonal',","AuditZonalController","/department/zonal/factualdetaillist","","Documented route missing from React","Not established; route match alone is insufficient"
"zonaloffice","angular/zonaloffice/routing.js","146","#/viewFactualDetail/:factualDetailId","function(params){ return 'viewFactualDetail/' + params.factualDetailId; },","AuditZonalController","/department/zonal/viewFactualDetail/:factualDetailId","","Documented route missing from React","Not established; route match alone is insufficient"
"zonaloffice","angular/zonaloffice/routing.js","150","#/zonalFactualDetailEnterOpinion/:factualDetailId","function(params){ return 'zonalFactualDetailEnterOpinion/' + params.factualDetailId; },","AuditZonalController","/department/zonal/zonalFactualDetailEnterOpinion/:factualDetailId","","Documented route missing from React","Not established; route match alone is insufficient"
"zonaloffice","angular/zonaloffice/routing.js","154","#/proformaclauselist","'proformaClauseListForZonal',","AuditZonalController","/department/zonal/proformaclauselist","","Documented route missing from React","Not established; route match alone is insufficient"
"zonaloffice","angular/zonaloffice/routing.js","158","#/zonalProformaClauseEnterOpinion/:proformaId","function(params){ return 'zonalProformaClauseEnterOpinion/' + params.proformaId; },","AuditZonalController","/department/zonal/zonalProformaClauseEnterOpinion/:proformaId","","Documented route missing from React","Not established; route match alone is insufficient"
"zonaloffice","angular/zonaloffice/routing.js","162","#/viewProformaClause/:proformaId","function(params){ return 'viewProformaClause/' + params.proformaId; },","AuditZonalController","/department/zonal/viewProformaClause/:proformaId","","Documented route missing from React","Not established; route match alone is insufficient"
"zonaloffice","angular/zonaloffice/routing.js","167","#/appealList","'appealList',","ZonalIDController","/department/zonal/appealList","","Documented route missing from React","Not established; route match alone is insufficient"
"zonaloffice","angular/zonaloffice/routing.js","171","#/appealHearingDate/:appealId","function(params){ return 'appealHearingDate/' + params.appealId; },","ZonalIDController","/department/zonal/appealHearingDate/:appealId","","Documented route missing from React","Not established; route match alone is insufficient"
"zonaloffice","angular/zonaloffice/routing.js","175","#/appealHearings/:appealId","function(params){ return 'appealHearings/' + params.appealId; },","ZonalIDController","/department/zonal/appealHearings/:appealId","","Documented route missing from React","Not established; route match alone is insufficient"
"zonaloffice","angular/zonaloffice/routing.js","179","#/viewAppealHearings/:appealId","function(params){ return 'viewAppealHearings/' + params.appealId; },","ZonalIDController","/department/zonal/viewAppealHearings/:appealId","","Documented route missing from React","Not established; route match alone is insufficient"
"zonaloffice","angular/zonaloffice/routing.js","183","#/updateAppealHearing/:appealHearingId","function(params){ return 'updateAppealHearing/' + params.appealHearingId; },","ZonalIDController","/department/zonal/updateAppealHearing/:appealHearingId","","Documented route missing from React","Not established; route match alone is insufficient"
"zonaloffice","angular/zonaloffice/routing.js","187","#/viewAppealHearing/:appealHearingId","function(params){ return 'viewAppealHearing/' + params.appealHearingId; },","ZonalIDController","/department/zonal/viewAppealHearing/:appealHearingId","","Documented route missing from React","Not established; route match alone is insufficient"
"zonaloffice","angular/zonaloffice/routing.js","191","#/viewApplicantForm/:applicantId","function(params){ return 'viewApplicantForm/' + params.applicantId; },","ZonalIDController","/department/zonal/viewApplicantForm/:applicantId","","Documented route missing from React","Not established; route match alone is insufficient"
"zonaloffice","angular/zonaloffice/routing.js","195","#/viewNoticeHistory/:noticeId","function(params){ return 'viewNoticeHistory/' + params.noticeId; },","ZonalIDController","/department/zonal/viewNoticeHistory/:noticeId","","Documented route missing from React","Not established; route match alone is insufficient"
"zonaloffice","angular/zonaloffice/routing.js","199","#/landApplications","'landApplications',","ZonalIDController","/department/zonal/landApplications","","Documented route missing from React","Not established; route match alone is insufficient"
"zonaloffice","angular/zonaloffice/routing.js","203","#/viewAnnualPaymentHistory/:applicantId","function(params){ return 'viewAnnualPaymentHistory/' + params.applicantId; },","ZonalIDController","/department/zonal/viewAnnualPaymentHistory/:applicantId","","Documented route missing from React","Not established; route match alone is insufficient"
"zonaloffice","angular/zonaloffice/routing.js","207","#/reviewConditionalComplianceZO/:hearingId/:decisionId","function(params){ return 'viewReviewConditionalComplianceZO/'+ params.hearingId+'/'+ params.decisionId; },","ZonalIDController","/department/zonal/reviewConditionalComplianceZO/:hearingId/:decisionId","","Documented route missing from React","Not established; route match alone is insufficient"
"zonaloffice","angular/zonaloffice/routing.js","211","#/viewConditionalDecisionZO/:hearingId/:decisionId","function(params){ return 'viewConditionalDecisionZO/'+ params.hearingId+'/'+ params.decisionId; },","ZonalIDController","/department/zonal/viewConditionalDecisionZO/:hearingId/:decisionId","","Documented route missing from React","Not established; route match alone is insufficient"
"zonaloffice","angular/zonaloffice/routing.js","215","#/reviewConditionalComplianceIC/:hearingId/:decisionId","function(params){ return 'viewReviewConditionalComplianceIC/'+ params.hearingId+'/'+ params.decisionId; },","ZonalIDController","/department/zonal/reviewConditionalComplianceIC/:hearingId/:decisionId","","Documented route missing from React","Not established; route match alone is insufficient"
"zonaloffice","angular/zonaloffice/routing.js","219","#/viewConditionalDecisionIC/:hearingId/:decisionId","function(params){ return 'viewConditionalDecisionIC/'+ params.hearingId+'/'+ params.decisionId; },","ZonalIDController","/department/zonal/viewConditionalDecisionIC/:hearingId/:decisionId","","Documented route missing from React","Not established; route match alone is insufficient"
"zonaloffice","angular/zonaloffice/routing.js","223","#/viewApplicationDetail/:applicantId/:vacantLandId","function(params){ return 'viewApplicationDetail/' + params.applicantId+'/'+params.vacantLandId; },","ZonalIDController","/department/zonal/viewApplicationDetail/:applicantId/:vacantLandId","","Documented route missing from React","Not established; route match alone is insufficient"
"zonaloffice","angular/zonaloffice/routing.js","227","#/viewAnnualPaymentDetails/:paymentId","function(params){ return 'viewAnnualPaymentDetails/' + params.paymentId; },","ZonalIDController","/department/zonal/viewAnnualPaymentDetails/:paymentId","","Documented route missing from React","Not established; route match alone is insufficient"
"zonaloperator","angular/zonaloperator/routing.js","15","#/updateprofile","'updateprofile',","CommonController","/department/zonal-operator/profile","","Documented route missing from React","Not established; route match alone is insufficient"
"zonaloperator","angular/zonaloperator/routing.js","22","#/changepassword","'changepassword',","CommonController","/department/zonal-operator/change-password","","Documented route missing from React","Not established; route match alone is insufficient"
"zonaloperator","angular/zonaloperator/routing.js","26","#/firstPasswordChange","'firstPasswordChange',","CommonController","/department/zonal-operator/first-password-change","","Documented route missing from React","Not established; route match alone is insufficient"
"zonaloperator","angular/zonaloperator/routing.js","30","#/success","'success'","","/department/zonal-operator/success","","Documented route missing from React","Not established; route match alone is insufficient"
"zonaloperator","angular/zonaloperator/routing.js","34","#/dashboard","'dashboard',","FAZonalOperatorController","/department/zonal-operator/dashboard","DepartmentDashboard","Static dashboard; reused for other routes","Not established; route match alone is insufficient"
"zonaloperator","angular/zonaloperator/routing.js","39","#/enrolmentList","'enrolmentList',","FAZonalOperatorController","/department/zonal-operator/enrolmentList","","Documented route missing from React","Not established; route match alone is insufficient"
"zonaloperator","angular/zonaloperator/routing.js","47","#/enrolmentform","'enrolmentform',","FAZonalOperatorController","/department/zonal-operator/enrolmentform","","Documented route missing from React","Not established; route match alone is insufficient"
"zonaloperator","angular/zonaloperator/routing.js","52","#/viewenrolmentform/:userId","function(params) {","FAZonalOperatorController","/department/zonal-operator/viewenrolmentform/:userId","","Documented route missing from React","Not established; route match alone is insufficient"
